district,population,placename,district_name,category,description,total15,total16,total17,total18,total19,total20,total21,total22,last12mos,total_prior3years,avg_prior3years,inc_19to21,inc_19tolast12,inc_21tolast12,inc_prior3yearavgtolast12,rate19,rate20,rate21,rate_last12,rate_prior3years
DTD,22000,Downtown Raleigh,Downtown,NA,NA,NA,NA,NA,NA,NA,NA,NA,NA,NA,NA,NA,NA,NA,NA,NA,NA,NA,NA,NA,NA
NED,51000,Northeast Raleigh,Northeast,NA,NA,NA,NA,NA,NA,NA,NA,NA,NA,NA,NA,NA,NA,NA,NA,NA,NA,NA,NA,NA,NA
NOD,113000,North Raleigh,North,NA,NA,NA,NA,NA,NA,NA,NA,NA,NA,NA,NA,NA,NA,NA,NA,NA,NA,NA,NA,NA,NA
NWD,97000,Northwest Raleigh,Northwest,NA,NA,NA,NA,NA,NA,NA,NA,NA,NA,NA,NA,NA,NA,NA,NA,NA,NA,NA,NA,NA,NA
SED,84000,Southeast Raleigh,Southeast,NA,NA,NA,NA,NA,NA,NA,NA,NA,NA,NA,NA,NA,NA,NA,NA,NA,NA,NA,NA,NA,NA
SWD,98000,Southwest Raleigh,Southwest,NA,NA,NA,NA,NA,NA,NA,NA,NA,NA,NA,NA,NA,NA,NA,NA,NA,NA,NA,NA,NA,NA
Downtown,NA,NA,NA,Aggravated Assault,Assault/Aggravated,116,124,105,140,171,100,124,132,145,395,131.7,-27.5,-15.2,16.9,10,NA,NA,NA,NA,NA
Downtown,NA,NA,NA,Aggravated Assault,Child Abuse/Aggravated,2,1,0,4,1,1,0,0,0,2,0.7,-100,-100,NA,-100,NA,NA,NA,NA,NA
Downtown,NA,NA,NA,Burglary,Burglary/Commercial or Non-Residential,69,79,70,57,33,112,64,39,49,209,69.7,93.9,48.5,-23.4,-30,NA,NA,NA,NA,NA
Downtown,NA,NA,NA,Burglary,Burglary/Residential,110,110,125,110,97,55,83,56,66,235,78.3,-14.4,-32,-20.5,-16,NA,NA,NA,NA,NA
Downtown,NA,NA,NA,Motor Vehicle Theft,Motor Vehicle Theft,110,136,99,94,117,105,111,87,99,333,111,-5.1,-15.4,-10.8,-11,NA,NA,NA,NA,NA
Downtown,NA,NA,NA,Murder,Homicide/Murder-Nonnegligent Manslaughter,1,2,4,0,3,4,2,2,2,9,3,-33.3,-33.3,0,-33,NA,NA,NA,NA,NA
Downtown,NA,NA,NA,Other/Unknown,All Other/All Other Offenses,209,227,203,169,207,145,118,81,90,470,156.7,-43,-56.5,-23.7,-43,NA,NA,NA,NA,NA
Downtown,NA,NA,NA,Other/Unknown,All Other/Damage to Property (minor),367,353,353,343,368,324,327,295,344,1019,339.7,-11.1,-6.5,5.2,1,NA,NA,NA,NA,NA
Downtown,NA,NA,NA,Other/Unknown,All Other/Harassing Telephone Calls,24,21,21,17,29,15,24,24,28,68,22.7,-17.2,-3.4,16.7,23,NA,NA,NA,NA,NA
Downtown,NA,NA,NA,Other/Unknown,All Other/Noise Ordinance Violation,72,44,41,30,38,11,29,5,5,78,26,-23.7,-86.8,-82.8,-81,NA,NA,NA,NA,NA
Downtown,NA,NA,NA,Other/Unknown,All Other/Trespassing,103,93,129,130,152,123,106,98,114,381,127,-30.3,-25,7.5,-10,NA,NA,NA,NA,NA
Downtown,NA,NA,NA,Other/Unknown,All Other/Unauthorized Use of Vehicle,28,32,24,43,37,26,30,28,29,93,31,-18.9,-21.6,-3.3,-6,NA,NA,NA,NA,NA
Downtown,NA,NA,NA,Other/Unknown,Arson,5,3,3,5,4,13,7,3,3,24,8,75,-25,-57.1,-62,NA,NA,NA,NA,NA
Downtown,NA,NA,NA,Other/Unknown,Assault/Intimidation-Communicating Threats,104,121,136,156,144,126,128,108,123,398,132.7,-11.1,-14.6,-3.9,-7,NA,NA,NA,NA,NA
Downtown,NA,NA,NA,Other/Unknown,Assault/Simple,547,544,584,641,627,492,641,530,605,1760,586.7,2.2,-3.5,-5.6,3,NA,NA,NA,NA,NA
Downtown,NA,NA,NA,Other/Unknown,Bribery,0,0,0,0,1,0,0,0,0,1,0.3,-100,-100,NA,-100,NA,NA,NA,NA,NA
Downtown,NA,NA,NA,Other/Unknown,Child Abuse/Simple,14,16,27,20,11,13,10,12,13,34,11.3,-9.1,18.2,30,15,NA,NA,NA,NA,NA
Downtown,NA,NA,NA,Other/Unknown,Counterfeiting/Forgery,22,29,15,30,12,5,8,14,15,25,8.3,-33.3,25,87.5,81,NA,NA,NA,NA,NA
Downtown,NA,NA,NA,Other/Unknown,Damage to Property (Group A),102,83,70,78,56,128,91,70,77,275,91.7,62.5,37.5,-15.4,-16,NA,NA,NA,NA,NA
Downtown,NA,NA,NA,Other/Unknown,DAMAGE TO PROPERTY/PRIVATE PROPERTY,0,0,1,0,0,0,0,0,0,0,0,NA,NA,NA,NA,NA,NA,NA,NA,NA
Downtown,NA,NA,NA,Other/Unknown,Disorderly Conduct/All Other,20,16,13,28,32,19,19,16,19,70,23.3,-40.6,-40.6,0,-18,NA,NA,NA,NA,NA
Downtown,NA,NA,NA,Other/Unknown,Disorderly Conduct/Begging,8,13,8,3,1,3,2,3,3,6,2,100,200,50,50,NA,NA,NA,NA,NA
Downtown,NA,NA,NA,Other/Unknown,Disorderly Conduct/Disturbing the Peace,12,2,7,7,10,7,10,6,7,27,9,0,-30,-30,-22,NA,NA,NA,NA,NA
Downtown,NA,NA,NA,Other/Unknown,Disorderly Conduct/Drunk-Disorderly,34,39,38,34,45,17,29,23,24,91,30.3,-35.6,-46.7,-17.2,-21,NA,NA,NA,NA,NA
Downtown,NA,NA,NA,Other/Unknown,Disorderly Conduct/Resist-Delay-Obstruct Officer,42,60,56,72,87,54,53,53,60,194,64.7,-39.1,-31,13.2,-7,NA,NA,NA,NA,NA
Downtown,NA,NA,NA,Other/Unknown,Drug Equipment/Paraphernalia,452,498,633,616,618,268,307,265,307,1193,397.7,-50.3,-50.3,0,-23,NA,NA,NA,NA,NA
Downtown,NA,NA,NA,Other/Unknown,Drug Violation/Felony,245,256,246,288,338,155,172,197,216,665,221.7,-49.1,-36.1,25.6,-3,NA,NA,NA,NA,NA
Downtown,NA,NA,NA,Other/Unknown,Drug Violation/Misdemeanor,560,693,745,781,681,294,409,405,456,1384,461.3,-39.9,-33,11.5,-1,NA,NA,NA,NA,NA
Downtown,NA,NA,NA,Other/Unknown,Embezzlement,18,23,24,29,25,14,19,6,8,58,19.3,-24,-68,-57.9,-59,NA,NA,NA,NA,NA
Downtown,NA,NA,NA,Other/Unknown,Extortion/Blackmail,1,3,9,5,3,4,5,4,4,12,4,66.7,33.3,-20,0,NA,NA,NA,NA,NA
Downtown,NA,NA,NA,Other/Unknown,Family Offenses/Nonviolent (eg: neglect),105,40,9,8,1,4,3,5,5,8,2.7,200,400,66.7,85,NA,NA,NA,NA,NA
Downtown,NA,NA,NA,Other/Unknown,Forgery/Prescription Fraud,0,1,6,8,6,3,23,9,16,32,10.7,283.3,166.7,-30.4,50,NA,NA,NA,NA,NA
Downtown,NA,NA,NA,Other/Unknown,Fraud/Credit Card-ATM Fraud,71,88,81,79,77,56,47,56,59,180,60,-39,-23.4,25.5,-2,NA,NA,NA,NA,NA
Downtown,NA,NA,NA,Other/Unknown,Fraud/False Pretense or Swindle,80,80,100,123,139,91,93,58,70,323,107.7,-33.1,-49.6,-24.7,-35,NA,NA,NA,NA,NA
Downtown,NA,NA,NA,Other/Unknown,Fraud/ID Theft,55,70,70,44,62,61,102,47,92,225,75,64.5,48.4,-9.8,23,NA,NA,NA,NA,NA
Downtown,NA,NA,NA,Other/Unknown,Fraud/Impersonation of LEO,7,5,1,3,3,2,2,2,3,7,2.3,-33.3,0,50,30,NA,NA,NA,NA,NA
Downtown,NA,NA,NA,Other/Unknown,Fraud/Rental Car Conversion,4,1,5,2,5,14,10,7,7,29,9.7,100,40,-30,-28,NA,NA,NA,NA,NA
Downtown,NA,NA,NA,Other/Unknown,Fraud/Welfare Fraud,1,1,1,1,1,0,0,0,0,1,0.3,-100,-100,NA,-100,NA,NA,NA,NA,NA
Downtown,NA,NA,NA,Other/Unknown,Fraud/Wire Fraud,6,6,5,9,14,6,16,11,12,36,12,14.3,-14.3,-25,0,NA,NA,NA,NA,NA
Downtown,NA,NA,NA,Other/Unknown,Fraud/Worthless-Bad Checks,12,7,10,12,40,16,15,28,28,71,23.7,-62.5,-30,86.7,18,NA,NA,NA,NA,NA
Downtown,NA,NA,NA,Other/Unknown,Homicide/Justifiable Homicide,0,1,0,0,1,0,1,0,1,2,0.7,0,0,0,43,NA,NA,NA,NA,NA
Downtown,NA,NA,NA,Other/Unknown,Human Trafficking/Commercial Sex Acts,0,4,0,3,3,1,2,0,0,6,2,-33.3,-100,-100,-100,NA,NA,NA,NA,NA
Downtown,NA,NA,NA,Other/Unknown,Human Trafficking/Involuntary Servitude,0,2,0,0,0,0,0,0,0,0,0,NA,NA,NA,NA,NA,NA,NA,NA,NA
Downtown,NA,NA,NA,Other/Unknown,Humane/All Other Humane,3,2,2,5,2,2,0,3,3,4,1.3,-100,50,NA,131,NA,NA,NA,NA,NA
Downtown,NA,NA,NA,Other/Unknown,Humane/Animal Bite,43,43,46,39,47,32,41,33,39,120,40,-12.8,-17,-4.9,-2,NA,NA,NA,NA,NA
Downtown,NA,NA,NA,Other/Unknown,Humane/Animal Cruelty,3,3,2,4,2,3,4,2,2,9,3,100,0,-50,-33,NA,NA,NA,NA,NA
Downtown,NA,NA,NA,Other/Unknown,Humane/Chemical Deployment,12,16,12,16,25,26,16,13,13,67,22.3,-36,-48,-18.8,-42,NA,NA,NA,NA,NA
Downtown,NA,NA,NA,Other/Unknown,Humane/Injured Animal,2,3,7,1,0,1,0,0,0,1,0.3,NA,NA,NA,-100,NA,NA,NA,NA,NA
Downtown,NA,NA,NA,Other/Unknown,Humane/Injured Person,0,0,6,7,1,0,2,3,5,3,1,100,400,150,400,NA,NA,NA,NA,NA
Downtown,NA,NA,NA,Other/Unknown,Humane/Noisy Animal,0,0,0,1,0,0,0,0,0,0,0,NA,NA,NA,NA,NA,NA,NA,NA,NA
Downtown,NA,NA,NA,Other/Unknown,Humane/Pick Up Animal(s),0,1,2,0,1,0,1,0,0,2,0.7,0,-100,-100,-100,NA,NA,NA,NA,NA
Downtown,NA,NA,NA,Other/Unknown,Humane/Rabies Test,14,15,5,3,4,4,4,4,4,12,4,0,0,0,0,NA,NA,NA,NA,NA
Downtown,NA,NA,NA,Other/Unknown,Humane/Stray,0,1,1,2,1,1,2,0,0,4,1.3,100,-100,-100,-100,NA,NA,NA,NA,NA
Downtown,NA,NA,NA,Other/Unknown,Humane/Vicious Animal,8,8,12,12,10,5,3,2,2,18,6,-70,-80,-33.3,-67,NA,NA,NA,NA,NA
Downtown,NA,NA,NA,Other/Unknown,Juvenile/Runaway,20,10,8,1,0,0,0,0,0,0,0,NA,NA,NA,NA,NA,NA,NA,NA,NA
Downtown,NA,NA,NA,Other/Unknown,Juvenile/Truancy,1,2,1,1,1,0,1,0,0,2,0.7,0,-100,-100,-100,NA,NA,NA,NA,NA
Downtown,NA,NA,NA,Other/Unknown,Kidnapping/Abduction,2,4,3,7,7,4,6,4,4,17,5.7,-14.3,-42.9,-33.3,-30,NA,NA,NA,NA,NA
Downtown,NA,NA,NA,Other/Unknown,Larceny/Theft from Motor Vehicle,0,0,0,0,0,1,0,0,0,1,0.3,NA,NA,NA,-100,NA,NA,NA,NA,NA
Downtown,NA,NA,NA,Other/Unknown,Liquor-Alcohol Law Violations,36,53,111,156,128,41,23,24,25,192,64,-82,-80.5,8.7,-61,NA,NA,NA,NA,NA
Downtown,NA,NA,NA,Other/Unknown,MISC/ALL OTHER / NO OFFENSE COMMITTED,0,0,0,2,0,0,0,0,0,0,0,NA,NA,NA,NA,NA,NA,NA,NA,NA
Downtown,NA,NA,NA,Other/Unknown,Miscellaneous/All Other Non-Offenses,856,1014,866,972,878,762,918,702,806,2558,852.7,4.6,-8.2,-12.2,-5,NA,NA,NA,NA,NA
Downtown,NA,NA,NA,Other/Unknown,Miscellaneous/Deceased Person,30,30,35,27,28,42,38,39,41,108,36,35.7,46.4,7.9,14,NA,NA,NA,NA,NA
Downtown,NA,NA,NA,Other/Unknown,Miscellaneous/Found Property,358,359,372,392,386,296,298,317,357,980,326.7,-22.8,-7.5,19.8,9,NA,NA,NA,NA,NA
Downtown,NA,NA,NA,Other/Unknown,Miscellaneous/Injured Person,16,17,12,25,14,18,18,14,17,50,16.7,28.6,21.4,-5.6,2,NA,NA,NA,NA,NA
Downtown,NA,NA,NA,Other/Unknown,Miscellaneous/Lost Property,142,158,164,222,215,83,119,115,127,417,139,-44.7,-40.9,6.7,-9,NA,NA,NA,NA,NA
Downtown,NA,NA,NA,Other/Unknown,Miscellaneous/Mental Commitment,162,156,158,163,217,197,245,141,158,659,219.7,12.9,-27.2,-35.5,-28,NA,NA,NA,NA,NA
Downtown,NA,NA,NA,Other/Unknown,Miscellaneous/Missing Person (17 & under),21,17,20,19,36,31,39,21,23,106,35.3,8.3,-36.1,-41,-35,NA,NA,NA,NA,NA
Downtown,NA,NA,NA,Other/Unknown,Miscellaneous/Missing Person (18 & over),49,61,52,49,48,40,45,52,58,133,44.3,-6.2,20.8,28.9,31,NA,NA,NA,NA,NA
Downtown,NA,NA,NA,Other/Unknown,Miscellaneous/Overdose,13,26,25,52,48,50,87,46,52,185,61.7,81.2,8.3,-40.2,-16,NA,NA,NA,NA,NA
Downtown,NA,NA,NA,Other/Unknown,Miscellaneous/Overdose Death,1,7,6,4,6,6,7,2,2,19,6.3,16.7,-66.7,-71.4,-68,NA,NA,NA,NA,NA
Downtown,NA,NA,NA,Other/Unknown,Miscellaneous/Suicide,23,8,14,26,30,25,20,18,20,75,25,-33.3,-33.3,0,-20,NA,NA,NA,NA,NA
Downtown,NA,NA,NA,Other/Unknown,Pornography/Obscene Material,3,1,2,1,3,5,8,6,6,16,5.3,166.7,100,-25,13,NA,NA,NA,NA,NA
Downtown,NA,NA,NA,Other/Unknown,Prostitution/Assisting-Promoting,3,0,0,1,1,0,1,0,0,2,0.7,0,-100,-100,-100,NA,NA,NA,NA,NA
Downtown,NA,NA,NA,Other/Unknown,Prostitution/Engaging,2,4,4,0,5,0,0,2,2,5,1.7,-100,-60,NA,18,NA,NA,NA,NA,NA
Downtown,NA,NA,NA,Other/Unknown,Prostitution/Purchasing,1,2,2,1,1,0,0,1,1,1,0.3,-100,0,NA,233,NA,NA,NA,NA,NA
Downtown,NA,NA,NA,Other/Unknown,Sex Offense/All Other,31,28,0,0,0,0,0,0,0,0,0,NA,NA,NA,NA,NA,NA,NA,NA,NA
Downtown,NA,NA,NA,Other/Unknown,Sex Offense/Incest,0,2,0,0,0,0,0,0,0,0,0,NA,NA,NA,NA,NA,NA,NA,NA,NA
Downtown,NA,NA,NA,Other/Unknown,Sex Offense/Indecent Exposure,18,32,22,35,38,22,21,19,20,81,27,-44.7,-47.4,-4.8,-26,NA,NA,NA,NA,NA
Downtown,NA,NA,NA,Other/Unknown,Sex Offense/Peeping Tom,1,2,5,1,7,2,3,2,3,12,4,-57.1,-57.1,0,-25,NA,NA,NA,NA,NA
Downtown,NA,NA,NA,Other/Unknown,Sex Offense/Statutory Rape,0,1,2,1,3,1,1,0,1,5,1.7,-66.7,-66.7,0,-41,NA,NA,NA,NA,NA
Downtown,NA,NA,NA,Other/Unknown,Stolen Property/Possess Stolen Vehicle (w/ Arrest) (STOLEN FROM OTHER JURISDICTION),6,3,5,3,6,4,5,10,10,15,5,-16.7,66.7,100,100,NA,NA,NA,NA,NA
Downtown,NA,NA,NA,Other/Unknown,Stolen Property/Possession (w/ Arrest) (STOLEN FROM OTHER JURISDICTION),11,5,11,20,18,7,13,9,9,38,12.7,-27.8,-50,-30.8,-29,NA,NA,NA,NA,NA
Downtown,NA,NA,NA,Other/Unknown,Stolen Property/Recover Stolen Property (no arrest) (STOLEN FROM OTHER JURISDICTION),10,14,7,4,12,6,8,6,7,26,8.7,-33.3,-41.7,-12.5,-20,NA,NA,NA,NA,NA
Downtown,NA,NA,NA,Other/Unknown,Stolen Property/Recover Stolen Vehicle (no arrest) (STOLEN FROM OTHER JURISDICTION),12,22,27,19,29,24,40,17,20,93,31,37.9,-31,-50,-35,NA,NA,NA,NA,NA
Downtown,NA,NA,NA,Other/Unknown,Traffic/Citizen Request,3,2,1,3,0,3,1,2,2,4,1.3,NA,NA,100,54,NA,NA,NA,NA,NA
Downtown,NA,NA,NA,Other/Unknown,Traffic/DWI (Driving While Impaired),534,386,325,259,211,107,161,133,159,479,159.7,-23.7,-24.6,-1.2,-0,NA,NA,NA,NA,NA
Downtown,NA,NA,NA,Other/Unknown,Weapons/All Other,4,5,5,3,3,6,5,5,5,14,4.7,66.7,66.7,0,6,NA,NA,NA,NA,NA
Downtown,NA,NA,NA,Other/Unknown,Weapons/Carry Concealed Weapon,51,79,77,102,99,59,147,201,233,305,101.7,48.5,135.4,58.5,129,NA,NA,NA,NA,NA
Downtown,NA,NA,NA,Other/Unknown,Weapons/Illegal Possession of Weapon,8,17,18,29,24,24,40,54,60,88,29.3,66.7,150,50,105,NA,NA,NA,NA,NA
Downtown,NA,NA,NA,Other/Unknown,Weapons/Shots Fired,43,69,79,59,81,71,103,58,69,255,85,27.2,-14.8,-33,-19,NA,NA,NA,NA,NA
Downtown,NA,NA,NA,Robbery,Robbery/From Business,8,10,19,11,9,13,8,7,7,30,10,-11.1,-22.2,-12.5,-30,NA,NA,NA,NA,NA
Downtown,NA,NA,NA,Robbery,Robbery/From Person,85,77,74,78,80,77,65,54,62,222,74,-18.8,-22.5,-4.6,-16,NA,NA,NA,NA,NA
Downtown,NA,NA,NA,Sexual Assault,Sex Offense/Assault with an Object,0,3,2,1,0,0,0,0,0,0,0,NA,NA,NA,NA,NA,NA,NA,NA,NA
Downtown,NA,NA,NA,Sexual Assault,Sex Offense/Forcible Fondling,3,8,20,22,28,22,17,22,24,67,22.3,-39.3,-14.3,41.2,8,NA,NA,NA,NA,NA
Downtown,NA,NA,NA,Sexual Assault,Sex Offense/Forcible Rape,6,16,18,19,25,28,23,21,24,76,25.3,-8,-4,4.3,-5,NA,NA,NA,NA,NA
Downtown,NA,NA,NA,Sexual Assault,Sex Offense/Forcible Sodomy,3,4,7,3,6,1,7,3,4,14,4.7,16.7,-33.3,-42.9,-15,NA,NA,NA,NA,NA
Downtown,NA,NA,NA,Theft,Larceny/All Other,247,259,227,207,255,256,292,298,328,803,267.7,14.5,28.6,12.3,23,NA,NA,NA,NA,NA
Downtown,NA,NA,NA,Theft,Larceny/Pocket-Picking,12,28,32,23,41,16,54,95,114,111,37,31.7,178,111.1,208,NA,NA,NA,NA,NA
Downtown,NA,NA,NA,Theft,Larceny/Purse-Snatching,4,4,4,2,6,2,4,2,3,12,4,-33.3,-50,-25,-25,NA,NA,NA,NA,NA
Downtown,NA,NA,NA,Theft,Larceny/Shoplifting,58,60,86,103,124,149,103,61,73,376,125.3,-16.9,-41.1,-29.1,-42,NA,NA,NA,NA,NA
Downtown,NA,NA,NA,Theft,Larceny/Theft from Building,159,172,170,161,168,89,98,91,104,355,118.3,-41.7,-38.1,6.1,-12,NA,NA,NA,NA,NA
Downtown,NA,NA,NA,Theft,Larceny/Theft from Coin-Operated Machine,3,1,2,2,1,3,3,0,1,7,2.3,200,0,-66.7,-57,NA,NA,NA,NA,NA
Downtown,NA,NA,NA,Theft,Larceny/Theft from Motor Vehicle,268,361,339,260,271,253,225,238,264,749,249.7,-17,-2.6,17.3,6,NA,NA,NA,NA,NA
Downtown,NA,NA,NA,Theft,Larceny/Theft of MV Parts-Accessories,45,38,51,51,46,47,72,44,51,165,55,56.5,10.9,-29.2,-7,NA,NA,NA,NA,NA
North,NA,NA,NA,Aggravated Assault,Assault/Aggravated,154,117,149,170,136,151,175,129,148,462,154,28.7,8.8,-15.4,-4,NA,NA,NA,NA,NA
North,NA,NA,NA,Aggravated Assault,Child Abuse/Aggravated,8,4,1,4,2,4,4,2,2,10,3.3,100,0,-50,-39,NA,NA,NA,NA,NA
North,NA,NA,NA,Burglary,All Other/Trespassing,0,0,0,0,0,1,0,0,0,1,0.3,NA,NA,NA,-100,NA,NA,NA,NA,NA
North,NA,NA,NA,Burglary,Burglary/Commercial or Non-Residential,92,98,109,103,64,140,85,60,72,289,96.3,32.8,12.5,-15.3,-25,NA,NA,NA,NA,NA
North,NA,NA,NA,Burglary,Burglary/Residential,333,382,375,353,206,136,142,107,121,484,161.3,-31.1,-41.3,-14.8,-25,NA,NA,NA,NA,NA
North,NA,NA,NA,Motor Vehicle Theft,Motor Vehicle Theft,204,202,194,137,190,178,250,176,196,618,206,31.6,3.2,-21.6,-5,NA,NA,NA,NA,NA
North,NA,NA,NA,Murder,Homicide/Murder-Nonnegligent Manslaughter,1,3,4,2,6,1,7,5,5,14,4.7,16.7,-16.7,-28.6,6,NA,NA,NA,NA,NA
North,NA,NA,NA,Other/Unknown,All Other/All Other Offenses,347,340,379,322,306,254,212,176,194,772,257.3,-30.7,-36.6,-8.5,-25,NA,NA,NA,NA,NA
North,NA,NA,NA,Other/Unknown,All Other/Damage to Property (minor),584,535,518,418,457,435,482,371,426,1374,458,5.5,-6.8,-11.6,-7,NA,NA,NA,NA,NA
North,NA,NA,NA,Other/Unknown,All Other/Harassing Telephone Calls,77,51,78,66,48,51,57,67,73,156,52,18.8,52.1,28.1,40,NA,NA,NA,NA,NA
North,NA,NA,NA,Other/Unknown,All Other/Noise Ordinance Violation,35,35,9,7,7,3,4,2,3,14,4.7,-42.9,-57.1,-25,-36,NA,NA,NA,NA,NA
North,NA,NA,NA,Other/Unknown,All Other/Trespassing,82,80,108,108,136,117,101,101,113,354,118,-25.7,-16.9,11.9,-4,NA,NA,NA,NA,NA
North,NA,NA,NA,Other/Unknown,All Other/Unauthorized Use of Vehicle,56,51,55,52,50,45,51,30,38,146,48.7,2,-24,-25.5,-22,NA,NA,NA,NA,NA
North,NA,NA,NA,Other/Unknown,Arson,13,10,6,4,8,7,4,6,7,19,6.3,-50,-12.5,75,11,NA,NA,NA,NA,NA
North,NA,NA,NA,Other/Unknown,ASSAULT SIMPLE (NOT AGGRAVATED),0,0,0,0,0,0,0,1,1,0,0,NA,NA,NA,NA,NA,NA,NA,NA,NA
North,NA,NA,NA,Other/Unknown,Assault/Aggravated,0,0,0,0,0,1,0,0,0,1,0.3,NA,NA,NA,-100,NA,NA,NA,NA,NA
North,NA,NA,NA,Other/Unknown,Assault/Intimidation-Communicating Threats,206,183,139,193,229,169,216,182,200,614,204.7,-5.7,-12.7,-7.4,-2,NA,NA,NA,NA,NA
North,NA,NA,NA,Other/Unknown,Assault/Simple,779,709,710,750,760,698,812,610,711,2270,756.7,6.8,-6.4,-12.4,-6,NA,NA,NA,NA,NA
North,NA,NA,NA,Other/Unknown,Bribery,1,0,0,0,0,1,0,0,0,1,0.3,NA,NA,NA,-100,NA,NA,NA,NA,NA
North,NA,NA,NA,Other/Unknown,Child Abuse/Simple,49,48,53,45,46,30,57,41,49,133,44.3,23.9,6.5,-14,11,NA,NA,NA,NA,NA
North,NA,NA,NA,Other/Unknown,Counterfeiting/Forgery,41,113,68,65,46,24,30,19,23,100,33.3,-34.8,-50,-23.3,-31,NA,NA,NA,NA,NA
North,NA,NA,NA,Other/Unknown,Damage to Property (Group A),129,99,109,99,93,121,108,85,103,322,107.3,16.1,10.8,-4.6,-4,NA,NA,NA,NA,NA
North,NA,NA,NA,Other/Unknown,Disorderly Conduct/All Other,8,18,13,9,4,6,10,11,12,20,6.7,150,200,20,79,NA,NA,NA,NA,NA
North,NA,NA,NA,Other/Unknown,Disorderly Conduct/Begging,4,1,2,2,1,3,2,1,1,6,2,100,0,-50,-50,NA,NA,NA,NA,NA
North,NA,NA,NA,Other/Unknown,Disorderly Conduct/Disturbing the Peace,6,11,8,4,4,4,5,1,1,13,4.3,25,-75,-80,-77,NA,NA,NA,NA,NA
North,NA,NA,NA,Other/Unknown,Disorderly Conduct/Drunk-Disorderly,13,7,11,11,13,3,4,11,11,20,6.7,-69.2,-15.4,175,64,NA,NA,NA,NA,NA
North,NA,NA,NA,Other/Unknown,Disorderly Conduct/Resist-Delay-Obstruct Officer,48,22,46,44,56,36,40,31,39,132,44,-28.6,-30.4,-2.5,-11,NA,NA,NA,NA,NA
North,NA,NA,NA,Other/Unknown,Drug Equipment/Paraphernalia,247,201,249,242,216,168,220,134,157,604,201.3,1.9,-27.3,-28.6,-22,NA,NA,NA,NA,NA
North,NA,NA,NA,Other/Unknown,Drug Violation/Felony,333,325,393,219,230,227,261,137,160,718,239.3,13.5,-30.4,-38.7,-33,NA,NA,NA,NA,NA
North,NA,NA,NA,Other/Unknown,Drug Violation/Misdemeanor,414,333,410,427,422,354,393,208,259,1169,389.7,-6.9,-38.6,-34.1,-34,NA,NA,NA,NA,NA
North,NA,NA,NA,Other/Unknown,Embezzlement,53,48,49,48,38,32,25,23,27,95,31.7,-34.2,-28.9,8,-15,NA,NA,NA,NA,NA
North,NA,NA,NA,Other/Unknown,Extortion/Blackmail,3,3,21,12,10,20,10,10,11,40,13.3,0,10,10,-17,NA,NA,NA,NA,NA
North,NA,NA,NA,Other/Unknown,Family Offenses/Nonviolent (eg: neglect),18,13,11,4,7,9,13,6,7,29,9.7,85.7,0,-46.2,-28,NA,NA,NA,NA,NA
North,NA,NA,NA,Other/Unknown,Forgery/Prescription Fraud,12,20,19,21,12,15,33,26,31,60,20,175,158.3,-6.1,55,NA,NA,NA,NA,NA
North,NA,NA,NA,Other/Unknown,FRAUD/ALL OTHER,0,0,2,0,0,0,0,0,0,0,0,NA,NA,NA,NA,NA,NA,NA,NA,NA
North,NA,NA,NA,Other/Unknown,FRAUD/ALL OTHER / IDENTITY THEFT,0,0,0,4,0,0,0,0,0,0,0,NA,NA,NA,NA,NA,NA,NA,NA,NA
North,NA,NA,NA,Other/Unknown,FRAUD/CREDIT CARD FRAUD,0,0,1,0,0,0,0,0,0,0,0,NA,NA,NA,NA,NA,NA,NA,NA,NA
North,NA,NA,NA,Other/Unknown,Fraud/Credit Card-ATM Fraud,209,303,295,245,258,196,190,134,161,644,214.7,-26.4,-37.6,-15.3,-25,NA,NA,NA,NA,NA
North,NA,NA,NA,Other/Unknown,FRAUD/FALSE PRETENSE,0,3,1,0,0,0,0,0,0,0,0,NA,NA,NA,NA,NA,NA,NA,NA,NA
North,NA,NA,NA,Other/Unknown,Fraud/False Pretense or Swindle,237,260,262,227,303,235,216,149,161,754,251.3,-28.7,-46.9,-25.5,-36,NA,NA,NA,NA,NA
North,NA,NA,NA,Other/Unknown,Fraud/ID Theft,171,210,199,162,220,172,270,141,233,662,220.7,22.7,5.9,-13.7,6,NA,NA,NA,NA,NA
North,NA,NA,NA,Other/Unknown,Fraud/Impersonation of LEO,12,5,1,6,4,2,1,7,7,7,2.3,-75,75,600,204,NA,NA,NA,NA,NA
North,NA,NA,NA,Other/Unknown,Fraud/Rental Car Conversion,15,4,7,23,8,17,13,2,4,38,12.7,62.5,-50,-69.2,-69,NA,NA,NA,NA,NA
North,NA,NA,NA,Other/Unknown,Fraud/Welfare Fraud,0,1,1,0,0,1,1,0,0,2,0.7,NA,NA,-100,-100,NA,NA,NA,NA,NA
North,NA,NA,NA,Other/Unknown,Fraud/Wire Fraud,8,21,17,26,29,24,31,46,47,84,28,6.9,62.1,51.6,68,NA,NA,NA,NA,NA
North,NA,NA,NA,Other/Unknown,Fraud/Worthless-Bad Checks,26,33,32,42,30,35,29,44,47,94,31.3,-3.3,56.7,62.1,50,NA,NA,NA,NA,NA
North,NA,NA,NA,Other/Unknown,Homicide/Justifiable Homicide,1,0,0,0,0,0,2,0,0,2,0.7,NA,NA,-100,-100,NA,NA,NA,NA,NA
North,NA,NA,NA,Other/Unknown,Homicide/Negligent Manslaughter,0,0,0,0,0,1,1,0,0,2,0.7,NA,NA,-100,-100,NA,NA,NA,NA,NA
North,NA,NA,NA,Other/Unknown,Human Trafficking/Commercial Sex Acts,1,5,5,1,2,3,0,0,0,5,1.7,-100,-100,NA,-100,NA,NA,NA,NA,NA
North,NA,NA,NA,Other/Unknown,Human Trafficking/Involuntary Servitude,1,3,0,2,0,0,1,0,0,1,0.3,NA,NA,-100,-100,NA,NA,NA,NA,NA
North,NA,NA,NA,Other/Unknown,Humane/All Other Humane,8,9,6,7,27,15,13,5,6,55,18.3,-51.9,-77.8,-53.8,-67,NA,NA,NA,NA,NA
North,NA,NA,NA,Other/Unknown,Humane/Animal Bite,137,130,119,173,159,116,159,124,137,434,144.7,0,-13.8,-13.8,-5,NA,NA,NA,NA,NA
North,NA,NA,NA,Other/Unknown,Humane/Animal Cruelty,8,4,7,6,10,11,15,5,6,36,12,50,-40,-60,-50,NA,NA,NA,NA,NA
North,NA,NA,NA,Other/Unknown,Humane/Chemical Deployment,56,77,54,61,116,113,63,56,60,292,97.3,-45.7,-48.3,-4.8,-38,NA,NA,NA,NA,NA
North,NA,NA,NA,Other/Unknown,Humane/Injured Animal,6,10,9,0,5,2,0,5,5,7,2.3,-100,0,NA,117,NA,NA,NA,NA,NA
North,NA,NA,NA,Other/Unknown,Humane/Injured Person,1,0,9,2,0,3,1,3,4,4,1.3,NA,NA,300,208,NA,NA,NA,NA,NA
North,NA,NA,NA,Other/Unknown,Humane/Noisy Animal,0,0,0,0,0,0,1,0,0,1,0.3,NA,NA,-100,-100,NA,NA,NA,NA,NA
North,NA,NA,NA,Other/Unknown,Humane/Pick Up Animal(s),4,2,3,0,0,2,5,1,1,7,2.3,NA,NA,-80,-57,NA,NA,NA,NA,NA
North,NA,NA,NA,Other/Unknown,Humane/Rabies Test,31,31,25,23,28,27,19,6,6,74,24.7,-32.1,-78.6,-68.4,-76,NA,NA,NA,NA,NA
North,NA,NA,NA,Other/Unknown,Humane/Stray,1,0,2,3,1,0,3,0,0,4,1.3,200,-100,-100,-100,NA,NA,NA,NA,NA
North,NA,NA,NA,Other/Unknown,Humane/Vicious Animal,29,29,20,50,28,21,18,22,22,67,22.3,-35.7,-21.4,22.2,-1,NA,NA,NA,NA,NA
North,NA,NA,NA,Other/Unknown,Juvenile/Runaway,76,79,111,9,0,0,0,0,0,0,0,NA,NA,NA,NA,NA,NA,NA,NA,NA
North,NA,NA,NA,Other/Unknown,Juvenile/Truancy,10,6,0,2,2,1,0,1,1,3,1,-100,-50,NA,0,NA,NA,NA,NA,NA
North,NA,NA,NA,Other/Unknown,Kidnapping/Abduction,12,5,9,3,6,4,9,6,7,19,6.3,50,16.7,-22.2,11,NA,NA,NA,NA,NA
North,NA,NA,NA,Other/Unknown,Larceny/All Other,0,0,0,0,0,1,0,0,0,1,0.3,NA,NA,NA,-100,NA,NA,NA,NA,NA
North,NA,NA,NA,Other/Unknown,Liquor-Alcohol Law Violations,26,10,9,13,21,12,8,10,11,41,13.7,-61.9,-47.6,37.5,-20,NA,NA,NA,NA,NA
North,NA,NA,NA,Other/Unknown,MISC/ALL OTHER / NO OFFENSE COMMITTED,0,0,1,0,0,0,1,1,2,1,0.3,NA,NA,100,567,NA,NA,NA,NA,NA
North,NA,NA,NA,Other/Unknown,Miscellaneous/All Other Non-Offenses,1492,1188,1198,1447,1492,1441,1584,1341,1502,4517,1505.7,6.2,0.7,-5.2,-0,NA,NA,NA,NA,NA
North,NA,NA,NA,Other/Unknown,Miscellaneous/Deceased Person,123,90,119,102,95,117,132,124,138,344,114.7,38.9,45.3,4.5,20,NA,NA,NA,NA,NA
North,NA,NA,NA,Other/Unknown,Miscellaneous/Found Property,195,167,162,125,176,136,153,100,113,465,155,-13.1,-35.8,-26.1,-27,NA,NA,NA,NA,NA
North,NA,NA,NA,Other/Unknown,Miscellaneous/Injured Person,15,14,3,15,7,8,12,18,21,27,9,71.4,200,75,133,NA,NA,NA,NA,NA
North,NA,NA,NA,Other/Unknown,Miscellaneous/Lost Property,212,190,161,237,173,161,136,107,126,470,156.7,-21.4,-27.2,-7.4,-20,NA,NA,NA,NA,NA
North,NA,NA,NA,Other/Unknown,Miscellaneous/Mental Commitment,220,184,195,220,287,227,261,241,262,775,258.3,-9.1,-8.7,0.4,1,NA,NA,NA,NA,NA
North,NA,NA,NA,Other/Unknown,Miscellaneous/Missing Person (17 & under),38,34,64,105,91,64,70,87,101,225,75,-23.1,11,44.3,35,NA,NA,NA,NA,NA
North,NA,NA,NA,Other/Unknown,Miscellaneous/Missing Person (18 & over),85,103,86,89,68,63,67,74,80,198,66,-1.5,17.6,19.4,21,NA,NA,NA,NA,NA
North,NA,NA,NA,Other/Unknown,Miscellaneous/Overdose,38,63,54,54,73,98,110,73,88,281,93.7,50.7,20.5,-20,-6,NA,NA,NA,NA,NA
North,NA,NA,NA,Other/Unknown,Miscellaneous/Overdose Death,4,8,17,9,13,20,15,14,17,48,16,15.4,30.8,13.3,6,NA,NA,NA,NA,NA
North,NA,NA,NA,Other/Unknown,Miscellaneous/Suicide,49,31,40,48,33,30,44,48,51,107,35.7,33.3,54.5,15.9,43,NA,NA,NA,NA,NA
North,NA,NA,NA,Other/Unknown,Pornography/Obscene Material,8,8,5,9,7,22,23,29,33,52,17.3,228.6,371.4,43.5,91,NA,NA,NA,NA,NA
North,NA,NA,NA,Other/Unknown,Prostitution/Assisting-Promoting,3,11,3,1,2,0,0,1,1,2,0.7,-100,-50,NA,43,NA,NA,NA,NA,NA
North,NA,NA,NA,Other/Unknown,Prostitution/Engaging,17,16,13,6,6,3,4,0,0,13,4.3,-33.3,-100,-100,-100,NA,NA,NA,NA,NA
North,NA,NA,NA,Other/Unknown,Prostitution/Purchasing,2,5,3,2,0,0,2,0,0,2,0.7,NA,NA,-100,-100,NA,NA,NA,NA,NA
North,NA,NA,NA,Other/Unknown,Sex Offense/All Other,56,53,0,0,0,0,0,0,0,0,0,NA,NA,NA,NA,NA,NA,NA,NA,NA
North,NA,NA,NA,Other/Unknown,Sex Offense/Incest,0,1,0,1,1,0,2,1,1,3,1,100,0,-50,0,NA,NA,NA,NA,NA
North,NA,NA,NA,Other/Unknown,Sex Offense/Indecent Exposure,16,13,21,20,16,18,32,21,25,66,22,100,56.2,-21.9,14,NA,NA,NA,NA,NA
North,NA,NA,NA,Other/Unknown,Sex Offense/Peeping Tom,5,9,7,5,6,1,5,6,9,12,4,-16.7,50,80,125,NA,NA,NA,NA,NA
North,NA,NA,NA,Other/Unknown,Sex Offense/Statutory Rape,4,4,3,5,1,4,2,10,10,7,2.3,100,900,400,335,NA,NA,NA,NA,NA
North,NA,NA,NA,Other/Unknown,Stolen Property/Possess Stolen Vehicle (w/ Arrest) (STOLEN FROM OTHER JURISDICTION),9,8,17,8,12,11,5,2,2,28,9.3,-58.3,-83.3,-60,-78,NA,NA,NA,NA,NA
North,NA,NA,NA,Other/Unknown,Stolen Property/Possession (w/ Arrest) (STOLEN FROM OTHER JURISDICTION),21,16,29,24,27,20,18,7,13,65,21.7,-33.3,-51.9,-27.8,-40,NA,NA,NA,NA,NA
North,NA,NA,NA,Other/Unknown,Stolen Property/Recover Stolen Property (no arrest) (STOLEN FROM OTHER JURISDICTION),16,18,17,9,10,8,15,6,8,33,11,50,-20,-46.7,-27,NA,NA,NA,NA,NA
North,NA,NA,NA,Other/Unknown,Stolen Property/Recover Stolen Vehicle (no arrest) (STOLEN FROM OTHER JURISDICTION),14,24,22,20,21,14,19,13,16,54,18,-9.5,-23.8,-15.8,-11,NA,NA,NA,NA,NA
North,NA,NA,NA,Other/Unknown,Traffic/Citizen Request,7,3,8,5,1,7,1,0,1,9,3,0,0,0,-67,NA,NA,NA,NA,NA
North,NA,NA,NA,Other/Unknown,Traffic/DWI (Driving While Impaired),520,340,252,248,237,185,250,122,145,672,224,5.5,-38.8,-42,-35,NA,NA,NA,NA,NA
North,NA,NA,NA,Other/Unknown,Weapons/All Other,12,3,2,2,10,4,4,21,21,18,6,-60,110,425,250,NA,NA,NA,NA,NA
North,NA,NA,NA,Other/Unknown,Weapons/Carry Concealed Weapon,31,26,49,51,64,63,108,60,83,235,78.3,68.8,29.7,-23.1,6,NA,NA,NA,NA,NA
North,NA,NA,NA,Other/Unknown,Weapons/Illegal Possession of Weapon,17,32,45,24,33,33,46,19,25,112,37.3,39.4,-24.2,-45.7,-33,NA,NA,NA,NA,NA
North,NA,NA,NA,Other/Unknown,Weapons/Shots Fired,132,126,133,153,174,190,170,131,153,534,178,-2.3,-12.1,-10,-14,NA,NA,NA,NA,NA
North,NA,NA,NA,Robbery,Larceny/Shoplifting,0,0,0,0,0,1,0,0,0,1,0.3,NA,NA,NA,-100,NA,NA,NA,NA,NA
North,NA,NA,NA,Robbery,Robbery/From Business,28,34,51,41,30,14,22,8,10,66,22,-26.7,-66.7,-54.5,-55,NA,NA,NA,NA,NA
North,NA,NA,NA,Robbery,Robbery/From Person,126,89,100,95,88,99,59,28,36,246,82,-33,-59.1,-39,-56,NA,NA,NA,NA,NA
North,NA,NA,NA,Sexual Assault,Sex Offense/Assault with an Object,0,0,1,1,0,0,0,1,1,0,0,NA,NA,NA,NA,NA,NA,NA,NA,NA
North,NA,NA,NA,Sexual Assault,Sex Offense/Forcible Fondling,5,11,52,33,36,41,59,43,56,136,45.3,63.9,55.6,-5.1,24,NA,NA,NA,NA,NA
North,NA,NA,NA,Sexual Assault,Sex Offense/Forcible Rape,26,24,29,32,32,19,33,30,34,84,28,3.1,6.2,3,21,NA,NA,NA,NA,NA
North,NA,NA,NA,Sexual Assault,Sex Offense/Forcible Sodomy,2,4,4,8,4,6,2,7,7,12,4,-50,75,250,75,NA,NA,NA,NA,NA
North,NA,NA,NA,Theft,Burglary/Residential,0,0,0,0,0,1,0,0,0,1,0.3,NA,NA,NA,-100,NA,NA,NA,NA,NA
North,NA,NA,NA,Theft,Larceny/All Other,624,617,585,539,615,519,535,396,457,1669,556.3,-13,-25.7,-14.6,-18,NA,NA,NA,NA,NA
North,NA,NA,NA,Theft,Larceny/Pocket-Picking,12,14,6,3,11,11,10,4,6,32,10.7,-9.1,-45.5,-40,-44,NA,NA,NA,NA,NA
North,NA,NA,NA,Theft,Larceny/Purse-Snatching,6,4,11,5,2,4,2,1,1,8,2.7,0,-50,-50,-63,NA,NA,NA,NA,NA
North,NA,NA,NA,Theft,Larceny/Shoplifting,428,353,396,440,467,381,368,188,238,1216,405.3,-21.2,-49,-35.3,-41,NA,NA,NA,NA,NA
North,NA,NA,NA,Theft,Larceny/Theft from Building,160,96,146,154,157,96,88,82,95,341,113.7,-43.9,-39.5,8,-16,NA,NA,NA,NA,NA
North,NA,NA,NA,Theft,Larceny/Theft from Coin-Operated Machine,7,2,2,4,3,2,0,3,3,5,1.7,-100,0,NA,76,NA,NA,NA,NA,NA
North,NA,NA,NA,Theft,Larceny/Theft from Motor Vehicle,581,642,725,576,663,588,553,520,596,1804,601.3,-16.6,-10.1,7.8,-1,NA,NA,NA,NA,NA
North,NA,NA,NA,Theft,Larceny/Theft of MV Parts-Accessories,93,98,78,101,75,122,136,77,90,333,111,81.3,20,-33.8,-19,NA,NA,NA,NA,NA
Northeast,NA,NA,NA,Aggravated Assault,Assault/Aggravated,127,106,115,139,159,135,169,221,247,463,154.3,6.3,55.3,46.2,60,NA,NA,NA,NA,NA
Northeast,NA,NA,NA,Aggravated Assault,Child Abuse/Aggravated,6,4,3,8,2,8,1,5,5,11,3.7,-50,150,400,35,NA,NA,NA,NA,NA
Northeast,NA,NA,NA,Burglary,Burglary/Commercial or Non-Residential,67,71,82,62,39,66,74,67,74,179,59.7,89.7,89.7,0,24,NA,NA,NA,NA,NA
Northeast,NA,NA,NA,Burglary,Burglary/Residential,249,271,281,271,182,122,154,121,140,458,152.7,-15.4,-23.1,-9.1,-8,NA,NA,NA,NA,NA
Northeast,NA,NA,NA,Motor Vehicle Theft,All Other/Unauthorized Use of Vehicle,0,0,0,0,0,1,0,0,0,1,0.3,NA,NA,NA,-100,NA,NA,NA,NA,NA
Northeast,NA,NA,NA,Motor Vehicle Theft,Motor Vehicle Theft,107,148,207,179,154,195,205,268,293,554,184.7,33.1,90.3,42.9,59,NA,NA,NA,NA,NA
Northeast,NA,NA,NA,Murder,Homicide/Murder-Nonnegligent Manslaughter,2,6,4,3,7,4,3,7,7,14,4.7,-57.1,0,133.3,49,NA,NA,NA,NA,NA
Northeast,NA,NA,NA,Other/Unknown,All Other/All Other Offenses,236,218,198,214,251,203,188,164,186,642,214,-25.1,-25.9,-1.1,-13,NA,NA,NA,NA,NA
Northeast,NA,NA,NA,Other/Unknown,"ALL OTHER/ALL OTHER OFFENSES (COMM.THREATS, ETC.)",0,0,0,2,0,0,0,0,0,0,0,NA,NA,NA,NA,NA,NA,NA,NA,NA
Northeast,NA,NA,NA,Other/Unknown,All Other/Damage to Property (minor),498,465,387,374,430,448,458,382,430,1336,445.3,6.5,0,-6.1,-3,NA,NA,NA,NA,NA
Northeast,NA,NA,NA,Other/Unknown,All Other/Harassing Telephone Calls,42,36,51,41,41,45,44,39,43,130,43.3,7.3,4.9,-2.3,-1,NA,NA,NA,NA,NA
Northeast,NA,NA,NA,Other/Unknown,All Other/Noise Ordinance Violation,1,0,1,0,0,2,0,0,0,2,0.7,NA,NA,NA,-100,NA,NA,NA,NA,NA
Northeast,NA,NA,NA,Other/Unknown,All Other/Trespassing,46,43,57,67,81,92,110,121,138,283,94.3,35.8,70.4,25.5,46,NA,NA,NA,NA,NA
Northeast,NA,NA,NA,Other/Unknown,All Other/Unauthorized Use of Vehicle,56,46,32,39,49,58,30,52,55,137,45.7,-38.8,12.2,83.3,20,NA,NA,NA,NA,NA
Northeast,NA,NA,NA,Other/Unknown,Arson,11,3,11,4,12,4,7,14,18,23,7.7,-41.7,50,157.1,134,NA,NA,NA,NA,NA
Northeast,NA,NA,NA,Other/Unknown,Assault/Intimidation-Communicating Threats,132,125,132,172,183,176,217,221,253,576,192,18.6,38.3,16.6,32,NA,NA,NA,NA,NA
Northeast,NA,NA,NA,Other/Unknown,Assault/Simple,674,683,613,658,808,759,777,743,839,2344,781.3,-3.8,3.8,8,7,NA,NA,NA,NA,NA
Northeast,NA,NA,NA,Other/Unknown,Bribery,1,0,0,0,0,0,1,0,1,1,0.3,NA,NA,0,233,NA,NA,NA,NA,NA
Northeast,NA,NA,NA,Other/Unknown,Child Abuse/Simple,55,65,56,43,33,36,46,40,43,115,38.3,39.4,30.3,-6.5,12,NA,NA,NA,NA,NA
Northeast,NA,NA,NA,Other/Unknown,Counterfeiting/Forgery,56,90,48,36,31,19,33,26,33,83,27.7,6.5,6.5,0,19,NA,NA,NA,NA,NA
Northeast,NA,NA,NA,Other/Unknown,Damage to Property (Group A),88,77,107,100,120,126,96,98,111,342,114,-20,-7.5,15.6,-3,NA,NA,NA,NA,NA
Northeast,NA,NA,NA,Other/Unknown,Disorderly Conduct/All Other,8,10,11,6,8,4,6,5,5,18,6,-25,-37.5,-16.7,-17,NA,NA,NA,NA,NA
Northeast,NA,NA,NA,Other/Unknown,Disorderly Conduct/Begging,0,1,5,2,1,3,0,3,3,4,1.3,-100,200,NA,131,NA,NA,NA,NA,NA
Northeast,NA,NA,NA,Other/Unknown,Disorderly Conduct/Disturbing the Peace,4,3,8,2,5,2,1,2,2,8,2.7,-80,-60,100,-26,NA,NA,NA,NA,NA
Northeast,NA,NA,NA,Other/Unknown,Disorderly Conduct/Drunk-Disorderly,5,5,7,6,6,5,5,8,9,16,5.3,-16.7,50,80,70,NA,NA,NA,NA,NA
Northeast,NA,NA,NA,Other/Unknown,Disorderly Conduct/Resist-Delay-Obstruct Officer,32,27,39,35,43,39,49,80,90,131,43.7,14,109.3,83.7,106,NA,NA,NA,NA,NA
Northeast,NA,NA,NA,Other/Unknown,Drug Equipment/Paraphernalia,243,163,176,155,192,147,233,272,311,572,190.7,21.4,62,33.5,63,NA,NA,NA,NA,NA
Northeast,NA,NA,NA,Other/Unknown,Drug Violation/Felony,205,225,265,261,301,347,343,338,380,991,330.3,14,26.2,10.8,15,NA,NA,NA,NA,NA
Northeast,NA,NA,NA,Other/Unknown,Drug Violation/Misdemeanor,452,278,291,311,316,314,361,440,497,991,330.3,14.2,57.3,37.7,50,NA,NA,NA,NA,NA
Northeast,NA,NA,NA,Other/Unknown,Embezzlement,26,37,42,29,23,14,24,28,30,61,20.3,4.3,30.4,25,48,NA,NA,NA,NA,NA
Northeast,NA,NA,NA,Other/Unknown,Extortion/Blackmail,2,3,10,15,7,15,16,5,7,38,12.7,128.6,0,-56.2,-45,NA,NA,NA,NA,NA
Northeast,NA,NA,NA,Other/Unknown,Family Offenses/Nonviolent (eg: neglect),1,8,9,8,2,8,7,6,6,17,5.7,250,200,-14.3,5,NA,NA,NA,NA,NA
Northeast,NA,NA,NA,Other/Unknown,Forgery/Prescription Fraud,5,15,17,15,12,9,15,11,13,36,12,25,8.3,-13.3,8,NA,NA,NA,NA,NA
Northeast,NA,NA,NA,Other/Unknown,FRAUD/ALL OTHER,0,1,0,0,0,0,0,0,0,0,0,NA,NA,NA,NA,NA,NA,NA,NA,NA
Northeast,NA,NA,NA,Other/Unknown,FRAUD/ALL OTHER / IDENTITY THEFT,0,0,0,5,0,0,0,0,0,0,0,NA,NA,NA,NA,NA,NA,NA,NA,NA
Northeast,NA,NA,NA,Other/Unknown,Fraud/Credit Card-ATM Fraud,177,224,226,161,196,166,148,110,127,510,170,-24.5,-35.2,-14.2,-25,NA,NA,NA,NA,NA
Northeast,NA,NA,NA,Other/Unknown,FRAUD/FALSE PRETENSE,0,1,0,0,0,0,0,0,0,0,0,NA,NA,NA,NA,NA,NA,NA,NA,NA
Northeast,NA,NA,NA,Other/Unknown,Fraud/False Pretense or Swindle,116,147,193,196,198,225,204,130,155,627,209,3,-21.7,-24,-26,NA,NA,NA,NA,NA
Northeast,NA,NA,NA,Other/Unknown,Fraud/ID Theft,125,171,184,166,143,166,193,102,160,502,167.3,35,11.9,-17.1,-4,NA,NA,NA,NA,NA
Northeast,NA,NA,NA,Other/Unknown,Fraud/Impersonation of LEO,12,5,1,1,4,2,3,2,2,9,3,-25,-50,-33.3,-33,NA,NA,NA,NA,NA
Northeast,NA,NA,NA,Other/Unknown,Fraud/Rental Car Conversion,3,4,1,5,1,4,3,26,26,8,2.7,200,2500,766.7,863,NA,NA,NA,NA,NA
Northeast,NA,NA,NA,Other/Unknown,Fraud/Welfare Fraud,0,1,1,0,1,1,0,0,0,2,0.7,-100,-100,NA,-100,NA,NA,NA,NA,NA
Northeast,NA,NA,NA,Other/Unknown,Fraud/Wire Fraud,13,18,21,19,18,20,30,12,13,68,22.7,66.7,-27.8,-56.7,-43,NA,NA,NA,NA,NA
Northeast,NA,NA,NA,Other/Unknown,Fraud/Worthless-Bad Checks,28,22,42,27,21,13,26,30,31,60,20,23.8,47.6,19.2,55,NA,NA,NA,NA,NA
Northeast,NA,NA,NA,Other/Unknown,Gambling/Betting-Wagering,2,0,0,2,0,1,0,3,3,1,0.3,NA,NA,NA,900,NA,NA,NA,NA,NA
Northeast,NA,NA,NA,Other/Unknown,Gambling/Operating-Promotion-Assisting,0,0,0,0,1,0,1,1,1,2,0.7,0,0,0,43,NA,NA,NA,NA,NA
Northeast,NA,NA,NA,Other/Unknown,Homicide/Justifiable Homicide,0,0,0,1,0,0,1,1,1,1,0.3,NA,NA,0,233,NA,NA,NA,NA,NA
Northeast,NA,NA,NA,Other/Unknown,Homicide/Negligent Manslaughter,1,0,0,2,0,0,0,2,2,0,0,NA,NA,NA,NA,NA,NA,NA,NA,NA
Northeast,NA,NA,NA,Other/Unknown,Human Trafficking/Commercial Sex Acts,4,0,0,3,5,4,3,6,7,12,4,-40,40,133.3,75,NA,NA,NA,NA,NA
Northeast,NA,NA,NA,Other/Unknown,Human Trafficking/Involuntary Servitude,1,0,0,0,0,1,0,0,0,1,0.3,NA,NA,NA,-100,NA,NA,NA,NA,NA
Northeast,NA,NA,NA,Other/Unknown,Humane/All Other Humane,6,16,9,10,13,15,10,6,8,38,12.7,-23.1,-38.5,-20,-37,NA,NA,NA,NA,NA
Northeast,NA,NA,NA,Other/Unknown,Humane/Animal Bite,89,94,111,114,116,100,101,77,84,317,105.7,-12.9,-27.6,-16.8,-21,NA,NA,NA,NA,NA
Northeast,NA,NA,NA,Other/Unknown,Humane/Animal Cruelty,5,2,9,3,13,8,7,5,6,28,9.3,-46.2,-53.8,-14.3,-35,NA,NA,NA,NA,NA
Northeast,NA,NA,NA,Other/Unknown,Humane/Chemical Deployment,32,34,30,21,91,100,33,18,21,224,74.7,-63.7,-76.9,-36.4,-72,NA,NA,NA,NA,NA
Northeast,NA,NA,NA,Other/Unknown,Humane/Injured Animal,7,7,12,1,2,2,8,3,4,12,4,300,100,-50,0,NA,NA,NA,NA,NA
Northeast,NA,NA,NA,Other/Unknown,Humane/Injured Person,1,0,8,5,0,1,0,2,2,1,0.3,NA,NA,NA,567,NA,NA,NA,NA,NA
Northeast,NA,NA,NA,Other/Unknown,Humane/Pick Up Animal(s),0,0,3,0,0,1,1,2,2,2,0.7,NA,NA,100,186,NA,NA,NA,NA,NA
Northeast,NA,NA,NA,Other/Unknown,Humane/Rabies Test,9,15,9,9,19,15,4,5,5,38,12.7,-78.9,-73.7,25,-61,NA,NA,NA,NA,NA
Northeast,NA,NA,NA,Other/Unknown,Humane/Stray,0,3,0,1,1,2,5,0,0,8,2.7,400,-100,-100,-100,NA,NA,NA,NA,NA
Northeast,NA,NA,NA,Other/Unknown,Humane/Vicious Animal,31,38,33,38,39,19,24,7,9,82,27.3,-38.5,-76.9,-62.5,-67,NA,NA,NA,NA,NA
Northeast,NA,NA,NA,Other/Unknown,Juvenile/Child Abuse or Neglect,0,0,0,0,0,0,1,0,0,1,0.3,NA,NA,-100,-100,NA,NA,NA,NA,NA
Northeast,NA,NA,NA,Other/Unknown,Juvenile/Runaway,50,28,48,5,0,0,0,0,0,0,0,NA,NA,NA,NA,NA,NA,NA,NA,NA
Northeast,NA,NA,NA,Other/Unknown,Juvenile/Truancy,0,3,2,0,5,0,0,0,0,5,1.7,-100,-100,NA,-100,NA,NA,NA,NA,NA
Northeast,NA,NA,NA,Other/Unknown,Kidnapping/Abduction,6,2,8,10,13,10,6,3,4,29,9.7,-53.8,-69.2,-33.3,-59,NA,NA,NA,NA,NA
Northeast,NA,NA,NA,Other/Unknown,LARCENY/SHOPLIFTING,0,0,0,0,0,0,1,0,0,1,0.3,NA,NA,-100,-100,NA,NA,NA,NA,NA
Northeast,NA,NA,NA,Other/Unknown,Liquor-Alcohol Law Violations,8,7,3,2,11,10,6,5,7,27,9,-45.5,-36.4,16.7,-22,NA,NA,NA,NA,NA
Northeast,NA,NA,NA,Other/Unknown,MISC/ALL OTHER / NO OFFENSE COMMITTED,0,0,1,0,0,0,0,1,1,0,0,NA,NA,NA,NA,NA,NA,NA,NA,NA
Northeast,NA,NA,NA,Other/Unknown,Miscellaneous/All Other Non-Offenses,1250,1013,843,975,928,906,1159,1045,1182,2993,997.7,24.9,27.4,2,18,NA,NA,NA,NA,NA
Northeast,NA,NA,NA,Other/Unknown,Miscellaneous/Deceased Person,70,88,73,70,69,99,114,70,86,282,94,65.2,24.6,-24.6,-9,NA,NA,NA,NA,NA
Northeast,NA,NA,NA,Other/Unknown,Miscellaneous/Found Property,81,83,86,106,103,106,89,122,130,298,99.3,-13.6,26.2,46.1,31,NA,NA,NA,NA,NA
Northeast,NA,NA,NA,Other/Unknown,Miscellaneous/Injured Person,16,10,11,14,1,4,12,12,12,17,5.7,1100,1100,0,111,NA,NA,NA,NA,NA
Northeast,NA,NA,NA,Other/Unknown,Miscellaneous/Lost Property,142,139,131,214,165,103,107,82,98,375,125,-35.2,-40.6,-8.4,-22,NA,NA,NA,NA,NA
Northeast,NA,NA,NA,Other/Unknown,Miscellaneous/Mental Commitment,133,107,135,126,195,204,206,216,238,605,201.7,5.6,22.1,15.5,18,NA,NA,NA,NA,NA
Northeast,NA,NA,NA,Other/Unknown,Miscellaneous/Missing Person (17 & under),64,71,77,119,121,124,124,112,127,369,123,2.5,5,2.4,3,NA,NA,NA,NA,NA
Northeast,NA,NA,NA,Other/Unknown,Miscellaneous/Missing Person (18 & over),76,110,83,58,66,52,56,47,52,174,58,-15.2,-21.2,-7.1,-10,NA,NA,NA,NA,NA
Northeast,NA,NA,NA,Other/Unknown,Miscellaneous/Overdose,28,70,46,76,68,114,108,126,135,290,96.7,58.8,98.5,25,40,NA,NA,NA,NA,NA
Northeast,NA,NA,NA,Other/Unknown,Miscellaneous/Overdose Death,8,8,12,8,12,13,24,11,18,49,16.3,100,50,-25,10,NA,NA,NA,NA,NA
Northeast,NA,NA,NA,Other/Unknown,Miscellaneous/Suicide,34,33,56,50,42,36,29,27,33,107,35.7,-31,-21.4,13.8,-8,NA,NA,NA,NA,NA
Northeast,NA,NA,NA,Other/Unknown,Pornography/Obscene Material,7,9,11,11,16,47,31,29,32,94,31.3,93.8,100,3.2,2,NA,NA,NA,NA,NA
Northeast,NA,NA,NA,Other/Unknown,Prostitution/Assisting-Promoting,3,1,2,0,1,1,0,1,1,2,0.7,-100,0,NA,43,NA,NA,NA,NA,NA
Northeast,NA,NA,NA,Other/Unknown,Prostitution/Engaging,2,3,3,0,2,3,0,0,0,5,1.7,-100,-100,NA,-100,NA,NA,NA,NA,NA
Northeast,NA,NA,NA,Other/Unknown,Prostitution/Purchasing,0,0,10,0,0,2,0,0,0,2,0.7,NA,NA,NA,-100,NA,NA,NA,NA,NA
Northeast,NA,NA,NA,Other/Unknown,Sex Offense/All Other,73,47,0,0,0,0,0,0,0,0,0,NA,NA,NA,NA,NA,NA,NA,NA,NA
Northeast,NA,NA,NA,Other/Unknown,Sex Offense/Incest,0,0,1,1,3,3,1,1,1,7,2.3,-66.7,-66.7,0,-57,NA,NA,NA,NA,NA
Northeast,NA,NA,NA,Other/Unknown,Sex Offense/Indecent Exposure,15,15,17,15,25,22,15,16,17,62,20.7,-40,-32,13.3,-18,NA,NA,NA,NA,NA
Northeast,NA,NA,NA,Other/Unknown,Sex Offense/Peeping Tom,5,1,5,13,4,3,4,6,6,11,3.7,0,50,50,62,NA,NA,NA,NA,NA
Northeast,NA,NA,NA,Other/Unknown,Sex Offense/Statutory Rape,5,5,7,7,2,1,7,6,7,10,3.3,250,250,0,112,NA,NA,NA,NA,NA
Northeast,NA,NA,NA,Other/Unknown,Stolen Property/Possess Stolen Vehicle (w/ Arrest) (STOLEN FROM OTHER JURISDICTION),7,9,12,9,13,9,5,16,16,27,9,-61.5,23.1,220,78,NA,NA,NA,NA,NA
Northeast,NA,NA,NA,Other/Unknown,Stolen Property/Possession (w/ Arrest) (STOLEN FROM OTHER JURISDICTION),9,12,9,17,15,12,12,18,20,39,13,-20,33.3,66.7,54,NA,NA,NA,NA,NA
Northeast,NA,NA,NA,Other/Unknown,Stolen Property/Recover Stolen Property (no arrest) (STOLEN FROM OTHER JURISDICTION),5,10,8,12,13,19,16,8,10,48,16,23.1,-23.1,-37.5,-38,NA,NA,NA,NA,NA
Northeast,NA,NA,NA,Other/Unknown,Stolen Property/Recover Stolen Vehicle (no arrest) (STOLEN FROM OTHER JURISDICTION),9,17,18,21,20,24,28,28,31,72,24,40,55,10.7,29,NA,NA,NA,NA,NA
Northeast,NA,NA,NA,Other/Unknown,Traffic/Citizen Request,5,8,12,5,3,3,0,1,1,6,2,-100,-66.7,NA,-50,NA,NA,NA,NA,NA
Northeast,NA,NA,NA,Other/Unknown,Traffic/DWI (Driving While Impaired),287,254,145,125,128,111,117,127,138,356,118.7,-8.6,7.8,17.9,16,NA,NA,NA,NA,NA
Northeast,NA,NA,NA,Other/Unknown,Weapons/All Other,4,7,5,2,2,10,15,23,24,27,9,650,1100,60,167,NA,NA,NA,NA,NA
Northeast,NA,NA,NA,Other/Unknown,Weapons/Carry Concealed Weapon,27,26,35,25,30,40,72,123,136,142,47.3,140,353.3,88.9,188,NA,NA,NA,NA,NA
Northeast,NA,NA,NA,Other/Unknown,Weapons/Illegal Possession of Weapon,20,17,22,21,32,42,69,62,74,143,47.7,115.6,131.2,7.2,55,NA,NA,NA,NA,NA
Northeast,NA,NA,NA,Other/Unknown,Weapons/Shots Fired,71,94,115,109,102,142,145,189,213,389,129.7,42.2,108.8,46.9,64,NA,NA,NA,NA,NA
Northeast,NA,NA,NA,Robbery,Robbery/From Business,38,26,34,29,24,10,19,22,25,53,17.7,-20.8,4.2,31.6,41,NA,NA,NA,NA,NA
Northeast,NA,NA,NA,Robbery,Robbery/From Person,91,91,62,77,77,63,88,72,82,228,76,14.3,6.5,-6.8,8,NA,NA,NA,NA,NA
Northeast,NA,NA,NA,Sexual Assault,Sex Offense/Assault with an Object,1,0,2,2,1,0,2,1,1,3,1,100,0,-50,0,NA,NA,NA,NA,NA
Northeast,NA,NA,NA,Sexual Assault,Sex Offense/Forcible Fondling,5,8,31,46,53,46,56,42,49,155,51.7,5.7,-7.5,-12.5,-5,NA,NA,NA,NA,NA
Northeast,NA,NA,NA,Sexual Assault,Sex Offense/Forcible Rape,18,30,27,29,34,36,38,21,26,108,36,11.8,-23.5,-31.6,-28,NA,NA,NA,NA,NA
Northeast,NA,NA,NA,Sexual Assault,Sex Offense/Forcible Sodomy,0,2,9,8,8,3,4,5,5,15,5,-50,-37.5,25,0,NA,NA,NA,NA,NA
Northeast,NA,NA,NA,Theft,Larceny/All Other,478,505,455,434,505,444,490,433,494,1439,479.7,-3,-2.2,0.8,3,NA,NA,NA,NA,NA
Northeast,NA,NA,NA,Theft,Larceny/Pocket-Picking,14,6,3,9,5,3,5,9,12,13,4.3,0,140,140,179,NA,NA,NA,NA,NA
Northeast,NA,NA,NA,Theft,Larceny/Purse-Snatching,13,7,17,4,2,6,4,11,11,12,4,100,450,175,175,NA,NA,NA,NA,NA
Northeast,NA,NA,NA,Theft,Larceny/Shoplifting,862,795,832,742,726,490,623,569,640,1839,613,-14.2,-11.8,2.7,4,NA,NA,NA,NA,NA
Northeast,NA,NA,NA,Theft,Larceny/Theft from Building,91,72,68,62,54,37,49,60,61,140,46.7,-9.3,13,24.5,31,NA,NA,NA,NA,NA
Northeast,NA,NA,NA,Theft,Larceny/Theft from Coin-Operated Machine,2,3,5,2,2,0,0,6,6,2,0.7,-100,200,NA,757,NA,NA,NA,NA,NA
Northeast,NA,NA,NA,Theft,Larceny/Theft from Motor Vehicle,411,400,562,468,515,457,403,481,531,1375,458.3,-21.7,3.1,31.8,16,NA,NA,NA,NA,NA
Northeast,NA,NA,NA,Theft,Larceny/Theft of MV Parts-Accessories,54,99,56,78,94,94,96,115,127,284,94.7,2.1,35.1,32.3,34,NA,NA,NA,NA,NA
Northwest,NA,NA,NA,Aggravated Assault,Assault/Aggravated,45,51,51,37,41,65,67,75,86,173,57.7,63.4,109.8,28.4,49,NA,NA,NA,NA,NA
Northwest,NA,NA,NA,Aggravated Assault,Child Abuse/Aggravated,1,2,1,3,3,0,4,1,1,7,2.3,33.3,-66.7,-75,-57,NA,NA,NA,NA,NA
Northwest,NA,NA,NA,Burglary,All Other/Trespassing,0,0,0,0,0,1,0,0,0,1,0.3,NA,NA,NA,-100,NA,NA,NA,NA,NA
Northwest,NA,NA,NA,Burglary,Burglary/Commercial or Non-Residential,38,54,59,54,36,54,57,70,73,147,49,58.3,102.8,28.1,49,NA,NA,NA,NA,NA
Northwest,NA,NA,NA,Burglary,Burglary/Residential,143,151,165,142,90,115,104,105,115,309,103,15.6,27.8,10.6,12,NA,NA,NA,NA,NA
Northwest,NA,NA,NA,Motor Vehicle Theft,Motor Vehicle Theft,69,108,106,110,106,112,126,177,192,344,114.7,18.9,81.1,52.4,67,NA,NA,NA,NA,NA
Northwest,NA,NA,NA,Murder,Homicide/Murder-Nonnegligent Manslaughter,2,2,1,1,1,2,4,1,2,7,2.3,300,100,-50,-13,NA,NA,NA,NA,NA
Northwest,NA,NA,NA,Other/Unknown,All Other/All Other Offenses,171,212,159,131,162,127,127,150,157,416,138.7,-21.6,-3.1,23.6,13,NA,NA,NA,NA,NA
Northwest,NA,NA,NA,Other/Unknown,"ALL OTHER/ALL OTHER OFFENSES (COMM.THREATS, ETC.)",0,0,0,1,0,1,0,0,0,1,0.3,NA,NA,NA,-100,NA,NA,NA,NA,NA
Northwest,NA,NA,NA,Other/Unknown,All Other/Damage to Property (minor),311,268,254,184,218,259,301,243,277,778,259.3,38.1,27.1,-8,7,NA,NA,NA,NA,NA
Northwest,NA,NA,NA,Other/Unknown,All Other/Harassing Telephone Calls,45,30,27,54,31,39,45,58,62,115,38.3,45.2,100,37.8,62,NA,NA,NA,NA,NA
Northwest,NA,NA,NA,Other/Unknown,All Other/Noise Ordinance Violation,0,2,2,3,3,1,0,1,1,4,1.3,-100,-66.7,NA,-23,NA,NA,NA,NA,NA
Northwest,NA,NA,NA,Other/Unknown,All Other/Trespassing,42,24,26,46,46,40,42,65,75,128,42.7,-8.7,63,78.6,76,NA,NA,NA,NA,NA
Northwest,NA,NA,NA,Other/Unknown,ALL OTHER/TRESPASSING,0,0,0,0,2,0,0,0,0,2,0.7,-100,-100,NA,-100,NA,NA,NA,NA,NA
Northwest,NA,NA,NA,Other/Unknown,All Other/Unauthorized Use of Vehicle,18,21,18,15,10,25,33,18,22,68,22.7,230,120,-33.3,-3,NA,NA,NA,NA,NA
Northwest,NA,NA,NA,Other/Unknown,Arson,6,7,13,7,1,7,2,3,4,10,3.3,100,300,100,21,NA,NA,NA,NA,NA
Northwest,NA,NA,NA,Other/Unknown,Assault/Intimidation-Communicating Threats,63,70,84,99,100,98,165,160,177,363,121,65,77,7.3,46,NA,NA,NA,NA,NA
Northwest,NA,NA,NA,Other/Unknown,Assault/Simple,360,398,390,341,440,397,539,467,533,1376,458.7,22.5,21.1,-1.1,16,NA,NA,NA,NA,NA
Northwest,NA,NA,NA,Other/Unknown,Child Abuse/Simple,24,33,32,12,21,14,39,23,30,74,24.7,85.7,42.9,-23.1,21,NA,NA,NA,NA,NA
Northwest,NA,NA,NA,Other/Unknown,Counterfeiting/Forgery,18,39,29,33,17,29,17,16,18,63,21,0,5.9,5.9,-14,NA,NA,NA,NA,NA
Northwest,NA,NA,NA,Other/Unknown,Damage to Property (Group A),61,74,77,58,67,78,78,88,96,223,74.3,16.4,43.3,23.1,29,NA,NA,NA,NA,NA
Northwest,NA,NA,NA,Other/Unknown,Disorderly Conduct/All Other,6,7,1,5,4,2,4,3,4,10,3.3,0,0,0,21,NA,NA,NA,NA,NA
Northwest,NA,NA,NA,Other/Unknown,Disorderly Conduct/Begging,1,1,2,2,0,1,0,0,0,1,0.3,NA,NA,NA,-100,NA,NA,NA,NA,NA
Northwest,NA,NA,NA,Other/Unknown,Disorderly Conduct/Disturbing the Peace,3,6,4,1,0,3,2,0,0,5,1.7,NA,NA,-100,-100,NA,NA,NA,NA,NA
Northwest,NA,NA,NA,Other/Unknown,Disorderly Conduct/Drunk-Disorderly,5,8,6,4,3,1,6,6,9,10,3.3,100,200,50,173,NA,NA,NA,NA,NA
Northwest,NA,NA,NA,Other/Unknown,Disorderly Conduct/Resist-Delay-Obstruct Officer,15,14,14,21,11,8,20,19,20,39,13,81.8,81.8,0,54,NA,NA,NA,NA,NA
Northwest,NA,NA,NA,Other/Unknown,Drug Equipment/Paraphernalia,161,98,107,74,96,85,127,138,161,308,102.7,32.3,67.7,26.8,57,NA,NA,NA,NA,NA
Northwest,NA,NA,NA,Other/Unknown,Drug Violation/Felony,104,75,78,66,85,88,107,104,118,280,93.3,25.9,38.8,10.3,26,NA,NA,NA,NA,NA
Northwest,NA,NA,NA,Other/Unknown,Drug Violation/Misdemeanor,200,161,176,148,180,148,205,163,192,533,177.7,13.9,6.7,-6.3,8,NA,NA,NA,NA,NA
Northwest,NA,NA,NA,Other/Unknown,Embezzlement,26,26,28,28,28,10,12,14,15,50,16.7,-57.1,-46.4,25,-10,NA,NA,NA,NA,NA
Northwest,NA,NA,NA,Other/Unknown,Extortion/Blackmail,0,0,16,7,3,14,10,25,25,27,9,233.3,733.3,150,178,NA,NA,NA,NA,NA
Northwest,NA,NA,NA,Other/Unknown,Family Offenses/Nonviolent (eg: neglect),0,2,4,3,5,4,8,2,5,17,5.7,60,0,-37.5,-12,NA,NA,NA,NA,NA
Northwest,NA,NA,NA,Other/Unknown,Forgery/Prescription Fraud,6,9,15,16,19,15,24,24,29,58,19.3,26.3,52.6,20.8,50,NA,NA,NA,NA,NA
Northwest,NA,NA,NA,Other/Unknown,FRAUD/ALL OTHER / IDENTITY THEFT,0,0,0,1,0,0,0,0,0,0,0,NA,NA,NA,NA,NA,NA,NA,NA,NA
Northwest,NA,NA,NA,Other/Unknown,FRAUD/CREDIT CARD FRAUD,0,0,0,1,0,0,0,0,0,0,0,NA,NA,NA,NA,NA,NA,NA,NA,NA
Northwest,NA,NA,NA,Other/Unknown,Fraud/Credit Card-ATM Fraud,123,188,165,137,142,133,138,131,151,413,137.7,-2.8,6.3,9.4,10,NA,NA,NA,NA,NA
Northwest,NA,NA,NA,Other/Unknown,FRAUD/FALSE PRETENSE,0,1,0,0,0,0,0,0,0,0,0,NA,NA,NA,NA,NA,NA,NA,NA,NA
Northwest,NA,NA,NA,Other/Unknown,Fraud/False Pretense or Swindle,98,98,127,123,135,141,144,143,161,420,140,6.7,19.3,11.8,15,NA,NA,NA,NA,NA
Northwest,NA,NA,NA,Other/Unknown,Fraud/ID Theft,123,166,157,119,125,137,197,163,231,459,153,57.6,84.8,17.3,51,NA,NA,NA,NA,NA
Northwest,NA,NA,NA,Other/Unknown,Fraud/Impersonation of LEO,7,1,3,0,1,0,2,0,0,3,1,100,-100,-100,-100,NA,NA,NA,NA,NA
Northwest,NA,NA,NA,Other/Unknown,Fraud/Rental Car Conversion,0,5,1,7,1,2,6,2,2,9,3,500,100,-66.7,-33,NA,NA,NA,NA,NA
Northwest,NA,NA,NA,Other/Unknown,Fraud/Welfare Fraud,1,0,0,0,0,1,1,0,0,2,0.7,NA,NA,-100,-100,NA,NA,NA,NA,NA
Northwest,NA,NA,NA,Other/Unknown,Fraud/Wire Fraud,9,19,10,14,21,23,22,30,34,66,22,4.8,61.9,54.5,55,NA,NA,NA,NA,NA
Northwest,NA,NA,NA,Other/Unknown,Fraud/Worthless-Bad Checks,13,15,28,25,29,19,28,30,33,76,25.3,-3.4,13.8,17.9,30,NA,NA,NA,NA,NA
Northwest,NA,NA,NA,Other/Unknown,Gambling/Betting-Wagering,0,0,0,0,0,0,1,1,1,1,0.3,NA,NA,0,233,NA,NA,NA,NA,NA
Northwest,NA,NA,NA,Other/Unknown,Gambling/Operating-Promotion-Assisting,0,0,0,0,0,0,0,4,4,0,0,NA,NA,NA,NA,NA,NA,NA,NA,NA
Northwest,NA,NA,NA,Other/Unknown,Homicide/Justifiable Homicide,0,0,1,0,0,0,1,0,0,1,0.3,NA,NA,-100,-100,NA,NA,NA,NA,NA
Northwest,NA,NA,NA,Other/Unknown,Human Trafficking/Commercial Sex Acts,0,2,1,0,0,1,1,0,0,2,0.7,NA,NA,-100,-100,NA,NA,NA,NA,NA
Northwest,NA,NA,NA,Other/Unknown,Human Trafficking/Involuntary Servitude,1,0,1,0,1,1,0,1,1,2,0.7,-100,0,NA,43,NA,NA,NA,NA,NA
Northwest,NA,NA,NA,Other/Unknown,Humane/All Other Humane,4,3,4,9,5,7,11,7,7,23,7.7,120,40,-36.4,-9,NA,NA,NA,NA,NA
Northwest,NA,NA,NA,Other/Unknown,Humane/Animal Bite,89,84,98,123,106,109,105,98,110,320,106.7,-0.9,3.8,4.8,3,NA,NA,NA,NA,NA
Northwest,NA,NA,NA,Other/Unknown,Humane/Animal Cruelty,2,7,2,4,7,3,11,4,5,21,7,57.1,-28.6,-54.5,-29,NA,NA,NA,NA,NA
Northwest,NA,NA,NA,Other/Unknown,Humane/Chemical Deployment,14,14,32,21,34,76,31,37,37,141,47,-8.8,8.8,19.4,-21,NA,NA,NA,NA,NA
Northwest,NA,NA,NA,Other/Unknown,Humane/Injured Animal,4,4,10,4,4,3,2,3,4,9,3,-50,0,100,33,NA,NA,NA,NA,NA
Northwest,NA,NA,NA,Other/Unknown,Humane/Injured Person,0,0,5,1,0,2,1,2,3,3,1,NA,NA,200,200,NA,NA,NA,NA,NA
Northwest,NA,NA,NA,Other/Unknown,Humane/Noisy Animal,1,0,0,0,0,0,0,1,1,0,0,NA,NA,NA,NA,NA,NA,NA,NA,NA
Northwest,NA,NA,NA,Other/Unknown,Humane/Pick Up Animal(s),0,0,3,1,0,1,1,0,0,2,0.7,NA,NA,-100,-100,NA,NA,NA,NA,NA
Northwest,NA,NA,NA,Other/Unknown,Humane/Rabies Test,16,18,7,10,9,18,11,12,12,38,12.7,22.2,33.3,9.1,-6,NA,NA,NA,NA,NA
Northwest,NA,NA,NA,Other/Unknown,Humane/Stray,0,2,0,0,2,0,1,1,1,3,1,-50,-50,0,0,NA,NA,NA,NA,NA
Northwest,NA,NA,NA,Other/Unknown,Humane/Vicious Animal,27,25,26,26,15,17,13,19,21,45,15,-13.3,40,61.5,40,NA,NA,NA,NA,NA
Northwest,NA,NA,NA,Other/Unknown,Juvenile/Runaway,27,14,11,2,0,0,0,0,0,0,0,NA,NA,NA,NA,NA,NA,NA,NA,NA
Northwest,NA,NA,NA,Other/Unknown,Juvenile/Truancy,1,0,0,0,0,0,0,1,1,0,0,NA,NA,NA,NA,NA,NA,NA,NA,NA
Northwest,NA,NA,NA,Other/Unknown,Kidnapping/Abduction,5,1,1,0,2,3,6,6,9,11,3.7,200,350,50,143,NA,NA,NA,NA,NA
Northwest,NA,NA,NA,Other/Unknown,LARCENY/SHOPLIFTING,0,0,1,0,0,0,0,1,1,0,0,NA,NA,NA,NA,NA,NA,NA,NA,NA
Northwest,NA,NA,NA,Other/Unknown,Liquor-Alcohol Law Violations,3,6,5,3,3,1,2,3,4,6,2,-33.3,33.3,100,100,NA,NA,NA,NA,NA
Northwest,NA,NA,NA,Other/Unknown,MISC/ALL OTHER / NO OFFENSE COMMITTED,0,0,0,0,0,0,0,1,1,0,0,NA,NA,NA,NA,NA,NA,NA,NA,NA
Northwest,NA,NA,NA,Other/Unknown,Miscellaneous/All Other Non-Offenses,827,743,700,749,715,777,985,880,1018,2477,825.7,37.8,42.4,3.4,23,NA,NA,NA,NA,NA
Northwest,NA,NA,NA,Other/Unknown,Miscellaneous/Deceased Person,58,60,76,63,56,82,80,99,116,218,72.7,42.9,107.1,45,60,NA,NA,NA,NA,NA
Northwest,NA,NA,NA,Other/Unknown,Miscellaneous/Found Property,71,82,83,79,94,72,88,99,108,254,84.7,-6.4,14.9,22.7,28,NA,NA,NA,NA,NA
Northwest,NA,NA,NA,Other/Unknown,Miscellaneous/Injured Person,12,13,8,8,6,3,4,8,9,13,4.3,-33.3,50,125,109,NA,NA,NA,NA,NA
Northwest,NA,NA,NA,Other/Unknown,Miscellaneous/Lost Property,96,106,109,158,141,81,83,94,98,305,101.7,-41.1,-30.5,18.1,-4,NA,NA,NA,NA,NA
Northwest,NA,NA,NA,Other/Unknown,Miscellaneous/Mental Commitment,242,229,202,239,312,312,360,184,232,984,328,15.4,-25.6,-35.6,-29,NA,NA,NA,NA,NA
Northwest,NA,NA,NA,Other/Unknown,Miscellaneous/Missing Person (17 & under),10,9,11,12,39,26,39,52,58,104,34.7,0,48.7,48.7,67,NA,NA,NA,NA,NA
Northwest,NA,NA,NA,Other/Unknown,Miscellaneous/Missing Person (18 & over),24,40,24,27,36,26,50,48,52,112,37.3,38.9,44.4,4,39,NA,NA,NA,NA,NA
Northwest,NA,NA,NA,Other/Unknown,Miscellaneous/Overdose,24,23,31,36,43,38,70,55,63,151,50.3,62.8,46.5,-10,25,NA,NA,NA,NA,NA
Northwest,NA,NA,NA,Other/Unknown,Miscellaneous/Overdose Death,0,6,11,3,6,7,6,3,4,19,6.3,0,-33.3,-33.3,-37,NA,NA,NA,NA,NA
Northwest,NA,NA,NA,Other/Unknown,Miscellaneous/Suicide,44,36,37,28,46,30,27,26,28,103,34.3,-41.3,-39.1,3.7,-18,NA,NA,NA,NA,NA
Northwest,NA,NA,NA,Other/Unknown,Pornography/Obscene Material,4,2,1,4,2,10,20,26,29,32,10.7,900,1350,45,171,NA,NA,NA,NA,NA
Northwest,NA,NA,NA,Other/Unknown,Prostitution/Assisting-Promoting,2,0,2,2,4,0,1,1,1,5,1.7,-75,-75,0,-41,NA,NA,NA,NA,NA
Northwest,NA,NA,NA,Other/Unknown,Prostitution/Engaging,7,13,2,2,2,0,0,0,0,2,0.7,-100,-100,NA,-100,NA,NA,NA,NA,NA
Northwest,NA,NA,NA,Other/Unknown,Prostitution/Purchasing,0,7,1,0,1,0,0,0,0,1,0.3,-100,-100,NA,-100,NA,NA,NA,NA,NA
Northwest,NA,NA,NA,Other/Unknown,Sex Offense/All Other,26,19,0,0,0,0,0,0,0,0,0,NA,NA,NA,NA,NA,NA,NA,NA,NA
Northwest,NA,NA,NA,Other/Unknown,Sex Offense/Incest,2,1,2,0,1,0,1,2,2,2,0.7,0,100,100,186,NA,NA,NA,NA,NA
Northwest,NA,NA,NA,Other/Unknown,Sex Offense/Indecent Exposure,13,10,15,11,11,9,28,23,27,48,16,154.5,145.5,-3.6,69,NA,NA,NA,NA,NA
Northwest,NA,NA,NA,Other/Unknown,Sex Offense/Peeping Tom,4,3,6,2,4,1,7,8,10,12,4,75,150,42.9,150,NA,NA,NA,NA,NA
Northwest,NA,NA,NA,Other/Unknown,Sex Offense/Statutory Rape,1,1,2,2,2,5,4,6,6,11,3.7,100,200,50,62,NA,NA,NA,NA,NA
Northwest,NA,NA,NA,Other/Unknown,Stolen Property/Possess Stolen Vehicle (w/ Arrest) (STOLEN FROM OTHER JURISDICTION),3,6,6,1,3,10,10,4,4,23,7.7,233.3,33.3,-60,-48,NA,NA,NA,NA,NA
Northwest,NA,NA,NA,Other/Unknown,Stolen Property/Possession (w/ Arrest) (STOLEN FROM OTHER JURISDICTION),4,8,8,11,8,4,5,8,8,17,5.7,-37.5,0,60,40,NA,NA,NA,NA,NA
Northwest,NA,NA,NA,Other/Unknown,Stolen Property/Recover Stolen Property (no arrest) (STOLEN FROM OTHER JURISDICTION),7,8,7,9,9,5,10,7,7,24,8,11.1,-22.2,-30,-12,NA,NA,NA,NA,NA
Northwest,NA,NA,NA,Other/Unknown,Stolen Property/Recover Stolen Vehicle (no arrest) (STOLEN FROM OTHER JURISDICTION),10,13,11,15,16,15,23,17,20,54,18,43.8,25,-13,11,NA,NA,NA,NA,NA
Northwest,NA,NA,NA,Other/Unknown,Traffic/Citizen Request,2,5,3,1,0,0,1,0,0,1,0.3,NA,NA,-100,-100,NA,NA,NA,NA,NA
Northwest,NA,NA,NA,Other/Unknown,Traffic/DWI (Driving While Impaired),167,145,111,111,127,86,90,79,88,303,101,-29.1,-30.7,-2.2,-13,NA,NA,NA,NA,NA
Northwest,NA,NA,NA,Other/Unknown,Weapons/All Other,2,5,1,1,2,1,3,8,8,6,2,50,300,166.7,300,NA,NA,NA,NA,NA
Northwest,NA,NA,NA,Other/Unknown,Weapons/Carry Concealed Weapon,20,5,16,16,13,32,46,63,71,91,30.3,253.8,446.2,54.3,134,NA,NA,NA,NA,NA
Northwest,NA,NA,NA,Other/Unknown,Weapons/Illegal Possession of Weapon,7,7,11,6,5,12,21,18,21,38,12.7,320,320,0,65,NA,NA,NA,NA,NA
Northwest,NA,NA,NA,Other/Unknown,Weapons/Shots Fired,26,28,37,25,22,46,80,68,76,148,49.3,263.6,245.5,-5,54,NA,NA,NA,NA,NA
Northwest,NA,NA,NA,Robbery,Robbery/From Business,12,16,17,9,12,14,11,11,13,37,12.3,-8.3,8.3,18.2,6,NA,NA,NA,NA,NA
Northwest,NA,NA,NA,Robbery,Robbery/From Person,32,28,33,26,16,23,26,25,30,65,21.7,62.5,87.5,15.4,38,NA,NA,NA,NA,NA
Northwest,NA,NA,NA,Sexual Assault,Sex Offense/Assault with an Object,0,0,1,0,1,1,1,0,0,3,1,0,-100,-100,-100,NA,NA,NA,NA,NA
Northwest,NA,NA,NA,Sexual Assault,Sex Offense/Forcible Fondling,4,7,14,22,26,23,33,25,29,82,27.3,26.9,11.5,-12.1,6,NA,NA,NA,NA,NA
Northwest,NA,NA,NA,Sexual Assault,Sex Offense/Forcible Rape,5,13,21,15,14,17,17,20,23,48,16,21.4,64.3,35.3,44,NA,NA,NA,NA,NA
Northwest,NA,NA,NA,Sexual Assault,Sex Offense/Forcible Sodomy,2,0,4,2,3,2,1,5,6,6,2,-66.7,100,500,200,NA,NA,NA,NA,NA
Northwest,NA,NA,NA,Theft,Larceny/All Other,327,334,266,273,325,314,367,333,381,1006,335.3,12.9,17.2,3.8,14,NA,NA,NA,NA,NA
Northwest,NA,NA,NA,Theft,Larceny/Pocket-Picking,8,4,3,3,5,8,10,12,15,23,7.7,100,200,50,95,NA,NA,NA,NA,NA
Northwest,NA,NA,NA,Theft,Larceny/Purse-Snatching,7,4,4,1,2,7,7,3,3,16,5.3,250,50,-57.1,-43,NA,NA,NA,NA,NA
Northwest,NA,NA,NA,Theft,Larceny/Shoplifting,257,373,341,385,488,378,617,423,507,1483,494.3,26.4,3.9,-17.8,3,NA,NA,NA,NA,NA
Northwest,NA,NA,NA,Theft,Larceny/Theft from Building,53,33,61,57,45,48,33,68,72,126,42,-26.7,60,118.2,71,NA,NA,NA,NA,NA
Northwest,NA,NA,NA,Theft,Larceny/Theft from Coin-Operated Machine,1,1,1,2,0,0,1,1,1,1,0.3,NA,NA,0,233,NA,NA,NA,NA,NA
Northwest,NA,NA,NA,Theft,Larceny/Theft from Motor Vehicle,315,387,476,406,277,363,406,416,471,1046,348.7,46.6,70,16,35,NA,NA,NA,NA,NA
Northwest,NA,NA,NA,Theft,Larceny/Theft of MV Parts-Accessories,65,39,53,48,49,66,115,79,88,230,76.7,134.7,79.6,-23.5,15,NA,NA,NA,NA,NA
Southeast,NA,NA,NA,Aggravated Assault,Assault/Aggravated,333,286,291,296,311,342,351,327,368,1004,334.7,12.9,18.3,4.8,10,NA,NA,NA,NA,NA
Southeast,NA,NA,NA,Aggravated Assault,Assault/Simple,0,0,0,0,0,1,0,0,0,1,0.3,NA,NA,NA,-100,NA,NA,NA,NA,NA
Southeast,NA,NA,NA,Aggravated Assault,Child Abuse/Aggravated,8,11,8,5,6,5,7,10,10,18,6,16.7,66.7,42.9,67,NA,NA,NA,NA,NA
Southeast,NA,NA,NA,Burglary,All Other/Trespassing,0,0,0,0,0,1,0,0,0,1,0.3,NA,NA,NA,-100,NA,NA,NA,NA,NA
Southeast,NA,NA,NA,Burglary,Burglary/Commercial or Non-Residential,98,99,110,109,66,76,79,72,79,221,73.7,19.7,19.7,0,7,NA,NA,NA,NA,NA
Southeast,NA,NA,NA,Burglary,Burglary/Residential,490,462,529,454,383,191,244,158,175,818,272.7,-36.3,-54.3,-28.3,-36,NA,NA,NA,NA,NA
Southeast,NA,NA,NA,Motor Vehicle Theft,Motor Vehicle Theft,199,201,209,187,235,249,243,260,284,727,242.3,3.4,20.9,16.9,17,NA,NA,NA,NA,NA
Southeast,NA,NA,NA,Murder,Homicide/Murder-Nonnegligent Manslaughter,7,9,12,7,9,11,7,18,19,27,9,-22.2,111.1,171.4,111,NA,NA,NA,NA,NA
Southeast,NA,NA,NA,Other/Unknown,All Other/All Other Offenses,373,312,336,281,324,238,222,219,245,784,261.3,-31.5,-24.4,10.4,-6,NA,NA,NA,NA,NA
Southeast,NA,NA,NA,Other/Unknown,All Other/Damage to Property (minor),791,671,664,651,636,649,670,558,636,1955,651.7,5.3,0,-5.1,-2,NA,NA,NA,NA,NA
Southeast,NA,NA,NA,Other/Unknown,All Other/Harassing Telephone Calls,60,48,38,41,52,45,41,51,56,138,46,-21.2,7.7,36.6,22,NA,NA,NA,NA,NA
Southeast,NA,NA,NA,Other/Unknown,All Other/Noise Ordinance Violation,2,2,0,0,1,0,1,0,0,2,0.7,0,-100,-100,-100,NA,NA,NA,NA,NA
Southeast,NA,NA,NA,Other/Unknown,All Other/Trespassing,119,88,117,126,199,168,148,145,157,515,171.7,-25.6,-21.1,6.1,-9,NA,NA,NA,NA,NA
Southeast,NA,NA,NA,Other/Unknown,All Other/Unauthorized Use of Vehicle,56,68,61,84,60,85,73,83,93,218,72.7,21.7,55,27.4,28,NA,NA,NA,NA,NA
Southeast,NA,NA,NA,Other/Unknown,Arson,11,13,33,15,21,12,13,5,8,46,15.3,-38.1,-61.9,-38.5,-48,NA,NA,NA,NA,NA
Southeast,NA,NA,NA,Other/Unknown,ASSAULT SIMPLE (NOT AGGRAVATED),0,0,0,0,0,0,1,1,1,1,0.3,NA,NA,0,233,NA,NA,NA,NA,NA
Southeast,NA,NA,NA,Other/Unknown,Assault/Intimidation-Communicating Threats,263,259,193,249,232,268,324,282,319,824,274.7,39.7,37.5,-1.5,16,NA,NA,NA,NA,NA
Southeast,NA,NA,NA,Other/Unknown,Assault/Simple,1202,1107,1026,1057,1016,971,1055,958,1077,3042,1014,3.8,6,2.1,6,NA,NA,NA,NA,NA
Southeast,NA,NA,NA,Other/Unknown,Bribery,0,0,0,1,0,0,0,0,0,0,0,NA,NA,NA,NA,NA,NA,NA,NA,NA
Southeast,NA,NA,NA,Other/Unknown,Child Abuse/Simple,72,84,79,48,55,48,55,48,56,158,52.7,0,1.8,1.8,6,NA,NA,NA,NA,NA
Southeast,NA,NA,NA,Other/Unknown,Counterfeiting/Forgery,52,69,40,32,26,18,12,24,26,56,18.7,-53.8,0,116.7,39,NA,NA,NA,NA,NA
Southeast,NA,NA,NA,Other/Unknown,Damage to Property (Group A),175,166,173,130,120,131,127,139,152,378,126,5.8,26.7,19.7,21,NA,NA,NA,NA,NA
Southeast,NA,NA,NA,Other/Unknown,Disorderly Conduct/All Other,26,16,20,18,17,5,12,12,12,34,11.3,-29.4,-29.4,0,6,NA,NA,NA,NA,NA
Southeast,NA,NA,NA,Other/Unknown,Disorderly Conduct/Begging,1,2,3,1,1,3,0,1,1,4,1.3,-100,0,NA,-23,NA,NA,NA,NA,NA
Southeast,NA,NA,NA,Other/Unknown,Disorderly Conduct/Disturbing the Peace,12,4,8,4,3,2,3,5,5,8,2.7,0,66.7,66.7,85,NA,NA,NA,NA,NA
Southeast,NA,NA,NA,Other/Unknown,Disorderly Conduct/Drunk-Disorderly,12,14,12,4,7,6,4,3,3,17,5.7,-42.9,-57.1,-25,-47,NA,NA,NA,NA,NA
Southeast,NA,NA,NA,Other/Unknown,Disorderly Conduct/Resist-Delay-Obstruct Officer,88,79,64,79,87,70,61,69,75,218,72.7,-29.9,-13.8,23,3,NA,NA,NA,NA,NA
Southeast,NA,NA,NA,Other/Unknown,Drug Equipment/Paraphernalia,438,356,374,470,370,267,294,338,381,931,310.3,-20.5,3,29.6,23,NA,NA,NA,NA,NA
Southeast,NA,NA,NA,Other/Unknown,Drug Violation/Felony,499,382,481,543,472,338,307,373,412,1117,372.3,-35,-12.7,34.2,11,NA,NA,NA,NA,NA
Southeast,NA,NA,NA,Other/Unknown,Drug Violation/Misdemeanor,883,573,565,712,650,533,471,549,603,1654,551.3,-27.5,-7.2,28,9,NA,NA,NA,NA,NA
Southeast,NA,NA,NA,Other/Unknown,Embezzlement,14,22,14,20,20,7,9,20,20,36,12,-55,0,122.2,67,NA,NA,NA,NA,NA
Southeast,NA,NA,NA,Other/Unknown,Extortion/Blackmail,1,3,6,10,6,9,9,10,10,24,8,50,66.7,11.1,25,NA,NA,NA,NA,NA
Southeast,NA,NA,NA,Other/Unknown,Family Offenses/Nonviolent (eg: neglect),41,61,33,33,19,17,16,8,10,52,17.3,-15.8,-47.4,-37.5,-42,NA,NA,NA,NA,NA
Southeast,NA,NA,NA,Other/Unknown,Forgery/Prescription Fraud,18,7,9,5,7,3,6,15,17,16,5.3,-14.3,142.9,183.3,221,NA,NA,NA,NA,NA
Southeast,NA,NA,NA,Other/Unknown,FRAUD/ALL OTHER / IDENTITY THEFT,0,0,0,1,0,0,0,0,0,0,0,NA,NA,NA,NA,NA,NA,NA,NA,NA
Southeast,NA,NA,NA,Other/Unknown,Fraud/Credit Card-ATM Fraud,129,114,131,117,111,118,93,119,127,322,107.3,-16.2,14.4,36.6,18,NA,NA,NA,NA,NA
Southeast,NA,NA,NA,Other/Unknown,FRAUD/FALSE PRETENSE,0,0,1,1,0,0,0,0,0,0,0,NA,NA,NA,NA,NA,NA,NA,NA,NA
Southeast,NA,NA,NA,Other/Unknown,Fraud/False Pretense or Swindle,94,96,88,111,150,153,167,171,187,470,156.7,11.3,24.7,12,19,NA,NA,NA,NA,NA
Southeast,NA,NA,NA,Other/Unknown,Fraud/ID Theft,126,104,134,100,90,113,123,113,156,326,108.7,36.7,73.3,26.8,44,NA,NA,NA,NA,NA
Southeast,NA,NA,NA,Other/Unknown,Fraud/Impersonation of LEO,12,2,1,0,1,0,4,1,2,5,1.7,300,100,-50,18,NA,NA,NA,NA,NA
Southeast,NA,NA,NA,Other/Unknown,Fraud/Rental Car Conversion,1,2,3,5,0,5,6,11,11,11,3.7,NA,NA,83.3,197,NA,NA,NA,NA,NA
Southeast,NA,NA,NA,Other/Unknown,Fraud/Welfare Fraud,0,3,3,0,2,1,1,0,0,4,1.3,-50,-100,-100,-100,NA,NA,NA,NA,NA
Southeast,NA,NA,NA,Other/Unknown,Fraud/Wire Fraud,10,11,10,16,11,15,21,20,23,47,15.7,90.9,109.1,9.5,46,NA,NA,NA,NA,NA
Southeast,NA,NA,NA,Other/Unknown,Fraud/Worthless-Bad Checks,25,18,30,16,26,30,21,35,37,77,25.7,-19.2,42.3,76.2,44,NA,NA,NA,NA,NA
Southeast,NA,NA,NA,Other/Unknown,Gambling/Betting-Wagering,0,0,0,0,1,0,0,0,0,1,0.3,-100,-100,NA,-100,NA,NA,NA,NA,NA
Southeast,NA,NA,NA,Other/Unknown,Gambling/Operating-Promotion-Assisting,0,0,1,0,0,0,0,0,0,0,0,NA,NA,NA,NA,NA,NA,NA,NA,NA
Southeast,NA,NA,NA,Other/Unknown,Homicide/Justifiable Homicide,0,1,0,0,1,1,1,1,1,3,1,0,0,0,0,NA,NA,NA,NA,NA
Southeast,NA,NA,NA,Other/Unknown,Human Trafficking/Commercial Sex Acts,1,3,2,2,6,1,5,2,2,12,4,-16.7,-66.7,-60,-50,NA,NA,NA,NA,NA
Southeast,NA,NA,NA,Other/Unknown,Human Trafficking/Involuntary Servitude,0,0,0,1,2,1,1,0,0,4,1.3,-50,-100,-100,-100,NA,NA,NA,NA,NA
Southeast,NA,NA,NA,Other/Unknown,Humane/All Other Humane,9,16,4,11,17,8,9,5,5,34,11.3,-47.1,-70.6,-44.4,-56,NA,NA,NA,NA,NA
Southeast,NA,NA,NA,Other/Unknown,Humane/Animal Bite,94,82,93,91,88,95,89,110,118,272,90.7,1.1,34.1,32.6,30,NA,NA,NA,NA,NA
Southeast,NA,NA,NA,Other/Unknown,Humane/Animal Cruelty,10,8,11,25,15,13,13,5,7,41,13.7,-13.3,-53.3,-46.2,-49,NA,NA,NA,NA,NA
Southeast,NA,NA,NA,Other/Unknown,Humane/Chemical Deployment,32,22,20,30,82,60,33,26,30,175,58.3,-59.8,-63.4,-9.1,-49,NA,NA,NA,NA,NA
Southeast,NA,NA,NA,Other/Unknown,Humane/Injured Animal,7,6,18,3,3,7,4,4,4,14,4.7,33.3,33.3,0,-15,NA,NA,NA,NA,NA
Southeast,NA,NA,NA,Other/Unknown,Humane/Injured Person,1,3,29,0,0,0,0,0,0,0,0,NA,NA,NA,NA,NA,NA,NA,NA,NA
Southeast,NA,NA,NA,Other/Unknown,Humane/Noisy Animal,0,1,0,0,0,0,0,0,0,0,0,NA,NA,NA,NA,NA,NA,NA,NA,NA
Southeast,NA,NA,NA,Other/Unknown,Humane/Pick Up Animal(s),0,4,8,0,2,2,1,0,0,5,1.7,-50,-100,-100,-100,NA,NA,NA,NA,NA
Southeast,NA,NA,NA,Other/Unknown,Humane/Rabies Test,7,11,10,9,8,6,9,1,1,23,7.7,12.5,-87.5,-88.9,-87,NA,NA,NA,NA,NA
Southeast,NA,NA,NA,Other/Unknown,Humane/Stray,1,2,7,3,3,2,7,6,9,12,4,133.3,200,28.6,125,NA,NA,NA,NA,NA
Southeast,NA,NA,NA,Other/Unknown,Humane/Vicious Animal,27,31,39,34,25,35,20,21,25,80,26.7,-20,0,25,-6,NA,NA,NA,NA,NA
Southeast,NA,NA,NA,Other/Unknown,Juvenile/Child Abuse or Neglect,0,0,0,0,0,1,0,0,0,1,0.3,NA,NA,NA,-100,NA,NA,NA,NA,NA
Southeast,NA,NA,NA,Other/Unknown,Juvenile/Runaway,133,125,131,11,0,0,0,0,0,0,0,NA,NA,NA,NA,NA,NA,NA,NA,NA
Southeast,NA,NA,NA,Other/Unknown,Juvenile/Truancy,7,5,4,1,1,0,0,0,0,1,0.3,-100,-100,NA,-100,NA,NA,NA,NA,NA
Southeast,NA,NA,NA,Other/Unknown,Kidnapping/Abduction,15,12,7,19,20,13,14,14,14,47,15.7,-30,-30,0,-11,NA,NA,NA,NA,NA
Southeast,NA,NA,NA,Other/Unknown,Liquor-Alcohol Law Violations,47,33,35,23,31,15,9,21,22,55,18.3,-71,-29,144.4,20,NA,NA,NA,NA,NA
Southeast,NA,NA,NA,Other/Unknown,MISC/ALL OTHER / NO OFFENSE COMMITTED,0,0,0,0,0,0,1,1,1,1,0.3,NA,NA,0,233,NA,NA,NA,NA,NA
Southeast,NA,NA,NA,Other/Unknown,Miscellaneous/All Other Non-Offenses,1735,1303,1229,1335,1639,1721,1726,1446,1614,5086,1695.3,5.3,-1.5,-6.5,-5,NA,NA,NA,NA,NA
Southeast,NA,NA,NA,Other/Unknown,Miscellaneous/Deceased Person,66,72,95,102,80,100,150,109,125,330,110,87.5,56.2,-16.7,14,NA,NA,NA,NA,NA
Southeast,NA,NA,NA,Other/Unknown,Miscellaneous/Found Property,160,136,163,142,181,155,153,172,192,489,163,-15.5,6.1,25.5,18,NA,NA,NA,NA,NA
Southeast,NA,NA,NA,Other/Unknown,Miscellaneous/Injured Person,21,24,11,14,12,19,14,19,22,45,15,16.7,83.3,57.1,47,NA,NA,NA,NA,NA
Southeast,NA,NA,NA,Other/Unknown,Miscellaneous/Lost Property,87,102,78,197,110,70,84,102,111,264,88,-23.6,0.9,32.1,26,NA,NA,NA,NA,NA
Southeast,NA,NA,NA,Other/Unknown,Miscellaneous/Mental Commitment,237,224,208,258,275,358,394,384,436,1027,342.3,43.3,58.5,10.7,27,NA,NA,NA,NA,NA
Southeast,NA,NA,NA,Other/Unknown,Miscellaneous/Missing Person (17 & under),102,77,110,157,202,187,184,192,213,573,191,-8.9,5.4,15.8,12,NA,NA,NA,NA,NA
Southeast,NA,NA,NA,Other/Unknown,Miscellaneous/Missing Person (18 & over),129,116,126,76,76,101,99,105,113,276,92,30.3,48.7,14.1,23,NA,NA,NA,NA,NA
Southeast,NA,NA,NA,Other/Unknown,Miscellaneous/Overdose,22,36,58,62,83,92,185,179,205,360,120,122.9,147,10.8,71,NA,NA,NA,NA,NA
Southeast,NA,NA,NA,Other/Unknown,Miscellaneous/Overdose Death,2,7,8,6,7,9,19,15,16,35,11.7,171.4,128.6,-15.8,37,NA,NA,NA,NA,NA
Southeast,NA,NA,NA,Other/Unknown,Miscellaneous/Suicide,32,26,16,28,16,25,21,39,40,62,20.7,31.2,150,90.5,93,NA,NA,NA,NA,NA
Southeast,NA,NA,NA,Other/Unknown,Pornography/Obscene Material,6,2,6,2,9,29,27,24,26,65,21.7,200,188.9,-3.7,20,NA,NA,NA,NA,NA
Southeast,NA,NA,NA,Other/Unknown,Prostitution/Assisting-Promoting,1,1,1,1,2,0,2,1,1,4,1.3,0,-50,-50,-23,NA,NA,NA,NA,NA
Southeast,NA,NA,NA,Other/Unknown,Prostitution/Engaging,6,2,1,2,0,2,0,0,0,2,0.7,NA,NA,NA,-100,NA,NA,NA,NA,NA
Southeast,NA,NA,NA,Other/Unknown,Prostitution/Purchasing,3,0,0,4,2,0,1,0,0,3,1,-50,-100,-100,-100,NA,NA,NA,NA,NA
Southeast,NA,NA,NA,Other/Unknown,Sex Offense/All Other,73,58,0,0,0,0,0,0,0,0,0,NA,NA,NA,NA,NA,NA,NA,NA,NA
Southeast,NA,NA,NA,Other/Unknown,Sex Offense/Incest,3,1,3,1,2,1,3,1,1,6,2,50,-50,-66.7,-50,NA,NA,NA,NA,NA
Southeast,NA,NA,NA,Other/Unknown,Sex Offense/Indecent Exposure,16,10,14,11,9,15,11,12,13,35,11.7,22.2,44.4,18.2,11,NA,NA,NA,NA,NA
Southeast,NA,NA,NA,Other/Unknown,Sex Offense/Peeping Tom,2,3,6,4,9,1,2,5,5,12,4,-77.8,-44.4,150,25,NA,NA,NA,NA,NA
Southeast,NA,NA,NA,Other/Unknown,Sex Offense/Statutory Rape,9,11,12,8,8,11,4,10,10,23,7.7,-50,25,150,30,NA,NA,NA,NA,NA
Southeast,NA,NA,NA,Other/Unknown,Stolen Property/Possess Stolen Vehicle (w/ Arrest) (STOLEN FROM OTHER JURISDICTION),18,19,16,17,21,25,19,11,11,65,21.7,-9.5,-47.6,-42.1,-49,NA,NA,NA,NA,NA
Southeast,NA,NA,NA,Other/Unknown,Stolen Property/Possession (w/ Arrest) (STOLEN FROM OTHER JURISDICTION),30,18,25,17,21,16,14,13,17,51,17,-33.3,-19,21.4,0,NA,NA,NA,NA,NA
Southeast,NA,NA,NA,Other/Unknown,Stolen Property/Recover Stolen Property (no arrest) (STOLEN FROM OTHER JURISDICTION),13,9,14,17,14,18,16,22,26,48,16,14.3,85.7,62.5,62,NA,NA,NA,NA,NA
Southeast,NA,NA,NA,Other/Unknown,Stolen Property/Recover Stolen Vehicle (no arrest) (STOLEN FROM OTHER JURISDICTION),26,41,38,37,32,34,58,50,52,124,41.3,81.2,62.5,-10.3,26,NA,NA,NA,NA,NA
Southeast,NA,NA,NA,Other/Unknown,Traffic/Citizen Request,26,29,12,15,15,5,3,5,5,23,7.7,-80,-66.7,66.7,-35,NA,NA,NA,NA,NA
Southeast,NA,NA,NA,Other/Unknown,Traffic/DWI (Driving While Impaired),328,238,147,137,153,148,114,82,91,415,138.3,-25.5,-40.5,-20.2,-34,NA,NA,NA,NA,NA
Southeast,NA,NA,NA,Other/Unknown,Weapons/All Other,19,22,3,7,11,10,16,57,60,37,12.3,45.5,445.5,275,388,NA,NA,NA,NA,NA
Southeast,NA,NA,NA,Other/Unknown,Weapons/Carry Concealed Weapon,86,68,71,88,76,89,93,144,156,258,86,22.4,105.3,67.7,81,NA,NA,NA,NA,NA
Southeast,NA,NA,NA,Other/Unknown,Weapons/Illegal Possession of Weapon,48,50,56,72,59,72,78,73,81,209,69.7,32.2,37.3,3.8,16,NA,NA,NA,NA,NA
Southeast,NA,NA,NA,Other/Unknown,Weapons/Shots Fired,341,282,368,336,319,371,402,310,367,1092,364,26,15,-8.7,1,NA,NA,NA,NA,NA
Southeast,NA,NA,NA,Robbery,Robbery/From Business,31,27,32,9,16,8,11,22,24,35,11.7,-31.2,50,118.2,105,NA,NA,NA,NA,NA
Southeast,NA,NA,NA,Robbery,Robbery/From Person,157,143,113,120,122,112,125,116,131,359,119.7,2.5,7.4,4.8,9,NA,NA,NA,NA,NA
Southeast,NA,NA,NA,Sexual Assault,Sex Offense/Assault with an Object,0,0,2,3,0,0,0,2,2,0,0,NA,NA,NA,NA,NA,NA,NA,NA,NA
Southeast,NA,NA,NA,Sexual Assault,Sex Offense/Forcible Fondling,15,16,47,47,49,59,95,62,72,203,67.7,93.9,46.9,-24.2,6,NA,NA,NA,NA,NA
Southeast,NA,NA,NA,Sexual Assault,Sex Offense/Forcible Rape,38,33,38,35,35,32,53,33,40,120,40,51.4,14.3,-24.5,0,NA,NA,NA,NA,NA
Southeast,NA,NA,NA,Sexual Assault,Sex Offense/Forcible Sodomy,2,4,15,11,10,8,2,10,10,20,6.7,-80,0,400,49,NA,NA,NA,NA,NA
Southeast,NA,NA,NA,Theft,Larceny/All Other,621,505,474,426,470,423,487,475,530,1380,460,3.6,12.8,8.8,15,NA,NA,NA,NA,NA
Southeast,NA,NA,NA,Theft,Larceny/Pocket-Picking,7,5,4,6,6,3,2,5,5,11,3.7,-66.7,-16.7,150,35,NA,NA,NA,NA,NA
Southeast,NA,NA,NA,Theft,Larceny/Purse-Snatching,6,7,15,11,10,3,8,6,6,21,7,-20,-40,-25,-14,NA,NA,NA,NA,NA
Southeast,NA,NA,NA,Theft,Larceny/Shoplifting,124,136,158,154,257,219,151,492,509,627,209,-41.2,98.1,237.1,144,NA,NA,NA,NA,NA
Southeast,NA,NA,NA,Theft,Larceny/Theft from Building,69,60,72,83,97,53,48,71,76,198,66,-50.5,-21.6,58.3,15,NA,NA,NA,NA,NA
Southeast,NA,NA,NA,Theft,Larceny/Theft from Coin-Operated Machine,3,4,2,2,2,1,5,12,12,8,2.7,150,500,140,344,NA,NA,NA,NA,NA
Southeast,NA,NA,NA,Theft,Larceny/Theft from Motor Vehicle,474,468,490,374,414,389,400,474,523,1203,401,-3.4,26.3,30.8,30,NA,NA,NA,NA,NA
Southeast,NA,NA,NA,Theft,Larceny/Theft of MV Parts-Accessories,93,54,78,69,78,68,79,72,76,225,75,1.3,-2.6,-3.8,1,NA,NA,NA,NA,NA
Southwest,NA,NA,NA,Aggravated Assault,Assault/Aggravated,100,88,125,111,122,106,171,147,159,399,133,40.2,30.3,-7,20,NA,NA,NA,NA,NA
Southwest,NA,NA,NA,Aggravated Assault,Child Abuse/Aggravated,2,4,3,6,2,1,3,1,1,6,2,50,-50,-66.7,-50,NA,NA,NA,NA,NA
Southwest,NA,NA,NA,Burglary,Burglary/Commercial or Non-Residential,63,61,70,65,39,53,54,39,47,146,48.7,38.5,20.5,-13,-3,NA,NA,NA,NA,NA
Southwest,NA,NA,NA,Burglary,Burglary/Residential,318,382,357,298,240,151,161,132,149,552,184,-32.9,-37.9,-7.5,-19,NA,NA,NA,NA,NA
Southwest,NA,NA,NA,Motor Vehicle Theft,Motor Vehicle Theft,137,136,155,130,115,187,195,166,183,497,165.7,69.6,59.1,-6.2,10,NA,NA,NA,NA,NA
Southwest,NA,NA,NA,Murder,Homicide/Murder-Nonnegligent Manslaughter,2,2,2,2,1,3,3,2,2,7,2.3,200,100,-33.3,-13,NA,NA,NA,NA,NA
Southwest,NA,NA,NA,Other/Unknown,All Other/All Other Offenses,221,222,180,233,202,164,160,144,161,526,175.3,-20.8,-20.3,0.6,-8,NA,NA,NA,NA,NA
Southwest,NA,NA,NA,Other/Unknown,"ALL OTHER/ALL OTHER OFFENSES (COMM.THREATS, ETC.)",0,1,0,0,0,0,0,0,0,0,0,NA,NA,NA,NA,NA,NA,NA,NA,NA
Southwest,NA,NA,NA,Other/Unknown,All Other/Damage to Property (minor),479,369,449,369,394,408,419,429,470,1221,407,6.3,19.3,12.2,15,NA,NA,NA,NA,NA
Southwest,NA,NA,NA,Other/Unknown,All Other/Harassing Telephone Calls,46,44,42,41,36,52,53,44,49,141,47,47.2,36.1,-7.5,4,NA,NA,NA,NA,NA
Southwest,NA,NA,NA,Other/Unknown,All Other/Noise Ordinance Violation,10,4,1,1,4,4,4,8,8,12,4,0,100,100,100,NA,NA,NA,NA,NA
Southwest,NA,NA,NA,Other/Unknown,All Other/Trespassing,63,63,66,73,83,84,80,85,90,247,82.3,-3.6,8.4,12.5,9,NA,NA,NA,NA,NA
Southwest,NA,NA,NA,Other/Unknown,ALL OTHER/TRESPASSING,0,0,0,0,1,0,0,0,0,1,0.3,-100,-100,NA,-100,NA,NA,NA,NA,NA
Southwest,NA,NA,NA,Other/Unknown,All Other/Unauthorized Use of Vehicle,19,35,27,28,18,30,27,23,28,75,25,50,55.6,3.7,12,NA,NA,NA,NA,NA
Southwest,NA,NA,NA,Other/Unknown,Arson,1,4,5,3,3,6,6,8,9,15,5,100,200,50,80,NA,NA,NA,NA,NA
Southwest,NA,NA,NA,Other/Unknown,ASSAULT WITH FIREARM,0,0,0,0,0,0,0,1,1,0,0,NA,NA,NA,NA,NA,NA,NA,NA,NA
Southwest,NA,NA,NA,Other/Unknown,Assault/Intimidation-Communicating Threats,135,109,113,191,157,176,233,165,180,566,188.7,48.4,14.6,-22.7,-5,NA,NA,NA,NA,NA
Southwest,NA,NA,NA,Other/Unknown,Assault/Simple,576,577,587,690,693,621,641,572,639,1955,651.7,-7.5,-7.8,-0.3,-2,NA,NA,NA,NA,NA
Southwest,NA,NA,NA,Other/Unknown,Child Abuse/Simple,27,19,35,29,27,18,28,25,28,73,24.3,3.7,3.7,0,15,NA,NA,NA,NA,NA
Southwest,NA,NA,NA,Other/Unknown,Counterfeiting/Forgery,28,42,30,29,21,22,15,17,21,58,19.3,-28.6,0,40,9,NA,NA,NA,NA,NA
Southwest,NA,NA,NA,Other/Unknown,Damage to Property (Group A),101,100,94,80,86,73,96,107,120,255,85,11.6,39.5,25,41,NA,NA,NA,NA,NA
Southwest,NA,NA,NA,Other/Unknown,Disorderly Conduct/All Other,18,10,8,11,5,3,2,6,6,10,3.3,-60,20,200,82,NA,NA,NA,NA,NA
Southwest,NA,NA,NA,Other/Unknown,Disorderly Conduct/Begging,3,2,1,4,2,0,1,0,0,3,1,-50,-100,-100,-100,NA,NA,NA,NA,NA
Southwest,NA,NA,NA,Other/Unknown,Disorderly Conduct/Disturbing the Peace,12,5,5,3,3,0,6,7,8,9,3,100,166.7,33.3,167,NA,NA,NA,NA,NA
Southwest,NA,NA,NA,Other/Unknown,Disorderly Conduct/Drunk-Disorderly,12,6,11,12,9,5,5,9,9,19,6.3,-44.4,0,80,43,NA,NA,NA,NA,NA
Southwest,NA,NA,NA,Other/Unknown,Disorderly Conduct/Resist-Delay-Obstruct Officer,47,33,44,47,46,36,38,45,46,120,40,-17.4,0,21.1,15,NA,NA,NA,NA,NA
Southwest,NA,NA,NA,Other/Unknown,Drug Equipment/Paraphernalia,268,216,239,288,256,129,171,152,166,556,185.3,-33.2,-35.2,-2.9,-10,NA,NA,NA,NA,NA
Southwest,NA,NA,NA,Other/Unknown,Drug Violation/Felony,148,174,183,186,189,114,112,129,137,415,138.3,-40.7,-27.5,22.3,-1,NA,NA,NA,NA,NA
Southwest,NA,NA,NA,Other/Unknown,Drug Violation/Misdemeanor,355,273,299,351,347,217,297,229,268,861,287,-14.4,-22.8,-9.8,-7,NA,NA,NA,NA,NA
Southwest,NA,NA,NA,Other/Unknown,Embezzlement,14,18,21,20,10,8,8,18,18,26,8.7,-20,80,125,107,NA,NA,NA,NA,NA
Southwest,NA,NA,NA,Other/Unknown,Extortion/Blackmail,2,2,13,13,11,13,13,31,32,37,12.3,18.2,190.9,146.2,160,NA,NA,NA,NA,NA
Southwest,NA,NA,NA,Other/Unknown,Family Offenses/Nonviolent (eg: neglect),29,14,2,1,3,1,3,9,10,7,2.3,0,233.3,233.3,335,NA,NA,NA,NA,NA
Southwest,NA,NA,NA,Other/Unknown,Forgery/Prescription Fraud,1,4,4,3,5,1,13,15,18,19,6.3,160,260,38.5,186,NA,NA,NA,NA,NA
Southwest,NA,NA,NA,Other/Unknown,FRAUD/ALL OTHER,0,0,0,0,0,0,0,1,1,0,0,NA,NA,NA,NA,NA,NA,NA,NA,NA
Southwest,NA,NA,NA,Other/Unknown,FRAUD/ALL OTHER / IDENTITY THEFT,0,0,0,1,0,0,0,0,0,0,0,NA,NA,NA,NA,NA,NA,NA,NA,NA
Southwest,NA,NA,NA,Other/Unknown,Fraud/Credit Card-ATM Fraud,141,132,151,117,121,98,93,98,115,312,104,-23.1,-5,23.7,11,NA,NA,NA,NA,NA
Southwest,NA,NA,NA,Other/Unknown,FRAUD/FALSE PRETENSE,0,1,0,0,0,0,0,0,0,0,0,NA,NA,NA,NA,NA,NA,NA,NA,NA
Southwest,NA,NA,NA,Other/Unknown,Fraud/False Pretense or Swindle,114,118,134,133,153,167,161,156,169,481,160.3,5.2,10.5,5,5,NA,NA,NA,NA,NA
Southwest,NA,NA,NA,Other/Unknown,Fraud/ID Theft,103,103,98,102,98,113,156,110,179,367,122.3,59.2,82.7,14.7,46,NA,NA,NA,NA,NA
Southwest,NA,NA,NA,Other/Unknown,Fraud/Impersonation of LEO,13,3,6,1,2,1,5,3,3,8,2.7,150,50,-40,11,NA,NA,NA,NA,NA
Southwest,NA,NA,NA,Other/Unknown,Fraud/Rental Car Conversion,3,1,1,3,1,5,4,6,6,10,3.3,300,500,50,82,NA,NA,NA,NA,NA
Southwest,NA,NA,NA,Other/Unknown,Fraud/Welfare Fraud,0,3,2,0,2,0,0,0,0,2,0.7,-100,-100,NA,-100,NA,NA,NA,NA,NA
Southwest,NA,NA,NA,Other/Unknown,Fraud/Wire Fraud,19,21,11,16,11,11,25,26,30,47,15.7,127.3,172.7,20,91,NA,NA,NA,NA,NA
Southwest,NA,NA,NA,Other/Unknown,Fraud/Worthless-Bad Checks,14,11,23,21,14,22,20,24,25,56,18.7,42.9,78.6,25,34,NA,NA,NA,NA,NA
Southwest,NA,NA,NA,Other/Unknown,Gambling/Betting-Wagering,1,0,0,0,0,0,0,0,0,0,0,NA,NA,NA,NA,NA,NA,NA,NA,NA
Southwest,NA,NA,NA,Other/Unknown,Gambling/Operating-Promotion-Assisting,0,1,0,0,0,0,0,0,0,0,0,NA,NA,NA,NA,NA,NA,NA,NA,NA
Southwest,NA,NA,NA,Other/Unknown,Human Trafficking/Commercial Sex Acts,0,2,1,0,0,1,0,1,1,1,0.3,NA,NA,NA,233,NA,NA,NA,NA,NA
Southwest,NA,NA,NA,Other/Unknown,Human Trafficking/Involuntary Servitude,0,0,0,0,1,0,0,0,0,1,0.3,-100,-100,NA,-100,NA,NA,NA,NA,NA
Southwest,NA,NA,NA,Other/Unknown,Humane/All Other Humane,5,8,1,2,3,8,7,5,7,18,6,133.3,133.3,0,17,NA,NA,NA,NA,NA
Southwest,NA,NA,NA,Other/Unknown,Humane/Animal Bite,92,101,105,121,96,87,114,108,126,297,99,18.8,31.2,10.5,27,NA,NA,NA,NA,NA
Southwest,NA,NA,NA,Other/Unknown,Humane/Animal Cruelty,5,9,9,1,12,14,8,10,11,34,11.3,-33.3,-8.3,37.5,-3,NA,NA,NA,NA,NA
Southwest,NA,NA,NA,Other/Unknown,Humane/Chemical Deployment,16,29,35,42,85,69,37,41,44,191,63.7,-56.5,-48.2,18.9,-31,NA,NA,NA,NA,NA
Southwest,NA,NA,NA,Other/Unknown,Humane/Injured Animal,2,6,14,0,4,7,3,2,3,14,4.7,-25,-25,0,-36,NA,NA,NA,NA,NA
Southwest,NA,NA,NA,Other/Unknown,Humane/Injured Person,0,0,18,2,4,2,3,1,1,9,3,-25,-75,-66.7,-67,NA,NA,NA,NA,NA
Southwest,NA,NA,NA,Other/Unknown,Humane/Pick Up Animal(s),1,0,3,1,1,2,1,0,0,4,1.3,0,-100,-100,-100,NA,NA,NA,NA,NA
Southwest,NA,NA,NA,Other/Unknown,Humane/Rabies Test,27,21,12,16,15,13,11,11,11,39,13,-26.7,-26.7,0,-15,NA,NA,NA,NA,NA
Southwest,NA,NA,NA,Other/Unknown,Humane/Stray,2,1,1,1,0,4,7,0,0,11,3.7,NA,NA,-100,-100,NA,NA,NA,NA,NA
Southwest,NA,NA,NA,Other/Unknown,Humane/Vicious Animal,21,20,34,29,17,20,22,11,11,59,19.7,29.4,-35.3,-50,-44,NA,NA,NA,NA,NA
Southwest,NA,NA,NA,Other/Unknown,Juvenile/Runaway,17,22,26,3,0,0,0,0,0,0,0,NA,NA,NA,NA,NA,NA,NA,NA,NA
Southwest,NA,NA,NA,Other/Unknown,Juvenile/Truancy,0,1,0,1,2,0,0,0,0,2,0.7,-100,-100,NA,-100,NA,NA,NA,NA,NA
Southwest,NA,NA,NA,Other/Unknown,Kidnapping/Abduction,5,9,9,7,11,7,8,11,11,26,8.7,-27.3,0,37.5,26,NA,NA,NA,NA,NA
Southwest,NA,NA,NA,Other/Unknown,Liquor-Alcohol Law Violations,19,14,12,11,6,6,8,8,8,20,6.7,33.3,33.3,0,19,NA,NA,NA,NA,NA
Southwest,NA,NA,NA,Other/Unknown,MISC/ALL OTHER / NO OFFENSE COMMITTED,0,0,1,0,0,0,0,0,0,0,0,NA,NA,NA,NA,NA,NA,NA,NA,NA
Southwest,NA,NA,NA,Other/Unknown,Miscellaneous/All Other Non-Offenses,1013,940,991,1294,1262,1125,1300,1006,1129,3687,1229,3,-10.5,-13.2,-8,NA,NA,NA,NA,NA
Southwest,NA,NA,NA,Other/Unknown,Miscellaneous/Deceased Person,78,70,70,59,69,80,87,99,108,236,78.7,26.1,56.5,24.1,37,NA,NA,NA,NA,NA
Southwest,NA,NA,NA,Other/Unknown,Miscellaneous/Found Property,135,107,136,124,139,116,130,129,153,385,128.3,-6.5,10.1,17.7,19,NA,NA,NA,NA,NA
Southwest,NA,NA,NA,Other/Unknown,Miscellaneous/Injured Person,9,9,12,12,10,6,15,11,11,31,10.3,50,10,-26.7,7,NA,NA,NA,NA,NA
Southwest,NA,NA,NA,Other/Unknown,Miscellaneous/Lost Property,102,129,117,187,148,98,97,127,140,343,114.3,-34.5,-5.4,44.3,22,NA,NA,NA,NA,NA
Southwest,NA,NA,NA,Other/Unknown,Miscellaneous/Mental Commitment,112,140,162,198,188,217,247,374,406,652,217.3,31.4,116,64.4,87,NA,NA,NA,NA,NA
Southwest,NA,NA,NA,Other/Unknown,Miscellaneous/Missing Person (17 & under),29,29,35,59,54,67,74,57,61,195,65,37,13,-17.6,-6,NA,NA,NA,NA,NA
Southwest,NA,NA,NA,Other/Unknown,Miscellaneous/Missing Person (18 & over),38,61,54,55,40,41,37,37,42,118,39.3,-7.5,5,13.5,7,NA,NA,NA,NA,NA
Southwest,NA,NA,NA,Other/Unknown,Miscellaneous/Overdose,27,30,49,49,60,65,83,71,81,208,69.3,38.3,35,-2.4,17,NA,NA,NA,NA,NA
Southwest,NA,NA,NA,Other/Unknown,Miscellaneous/Overdose Death,5,9,13,9,12,13,12,11,12,37,12.3,0,0,0,-2,NA,NA,NA,NA,NA
Southwest,NA,NA,NA,Other/Unknown,Miscellaneous/Suicide,50,35,35,54,31,31,34,35,37,96,32,9.7,19.4,8.8,16,NA,NA,NA,NA,NA
Southwest,NA,NA,NA,Other/Unknown,Motor Vehicle Theft,0,0,0,0,0,1,0,0,0,1,0.3,NA,NA,NA,-100,NA,NA,NA,NA,NA
Southwest,NA,NA,NA,Other/Unknown,Pornography/Obscene Material,5,3,2,5,8,18,13,23,23,39,13,62.5,187.5,76.9,77,NA,NA,NA,NA,NA
Southwest,NA,NA,NA,Other/Unknown,Prostitution/Assisting-Promoting,0,0,3,1,0,0,0,0,0,0,0,NA,NA,NA,NA,NA,NA,NA,NA,NA
Southwest,NA,NA,NA,Other/Unknown,Prostitution/Engaging,4,1,2,1,1,1,0,1,1,2,0.7,-100,0,NA,43,NA,NA,NA,NA,NA
Southwest,NA,NA,NA,Other/Unknown,Prostitution/Purchasing,1,1,1,0,1,0,0,0,0,1,0.3,-100,-100,NA,-100,NA,NA,NA,NA,NA
Southwest,NA,NA,NA,Other/Unknown,Sex Offense/All Other,45,49,0,0,0,0,0,0,0,0,0,NA,NA,NA,NA,NA,NA,NA,NA,NA
Southwest,NA,NA,NA,Other/Unknown,Sex Offense/Incest,1,0,2,1,1,0,3,0,0,4,1.3,200,-100,-100,-100,NA,NA,NA,NA,NA
Southwest,NA,NA,NA,Other/Unknown,Sex Offense/Indecent Exposure,39,36,32,28,24,19,27,26,32,70,23.3,12.5,33.3,18.5,37,NA,NA,NA,NA,NA
Southwest,NA,NA,NA,Other/Unknown,Sex Offense/Peeping Tom,10,7,12,41,16,13,25,14,22,54,18,56.2,37.5,-12,22,NA,NA,NA,NA,NA
Southwest,NA,NA,NA,Other/Unknown,Sex Offense/Statutory Rape,1,2,8,3,4,3,7,1,1,14,4.7,75,-75,-85.7,-79,NA,NA,NA,NA,NA
Southwest,NA,NA,NA,Other/Unknown,Stolen Property/Possess Stolen Vehicle (w/ Arrest) (STOLEN FROM OTHER JURISDICTION),9,5,10,4,5,5,5,5,6,15,5,0,20,20,20,NA,NA,NA,NA,NA
Southwest,NA,NA,NA,Other/Unknown,Stolen Property/Possession (w/ Arrest) (STOLEN FROM OTHER JURISDICTION),13,12,11,13,15,6,5,8,8,26,8.7,-66.7,-46.7,60,-8,NA,NA,NA,NA,NA
Southwest,NA,NA,NA,Other/Unknown,Stolen Property/Recover Stolen Property (no arrest) (STOLEN FROM OTHER JURISDICTION),12,4,9,6,8,13,8,12,16,29,9.7,0,100,100,65,NA,NA,NA,NA,NA
Southwest,NA,NA,NA,Other/Unknown,Stolen Property/Recover Stolen Vehicle (no arrest) (STOLEN FROM OTHER JURISDICTION),10,14,12,19,23,21,18,11,11,62,20.7,-21.7,-52.2,-38.9,-47,NA,NA,NA,NA,NA
Southwest,NA,NA,NA,Other/Unknown,Traffic/Citizen Request,15,7,5,1,4,1,1,0,0,6,2,-75,-100,-100,-100,NA,NA,NA,NA,NA
Southwest,NA,NA,NA,Other/Unknown,Traffic/DWI (Driving While Impaired),366,223,199,208,170,113,139,140,153,422,140.7,-18.2,-10,10.1,9,NA,NA,NA,NA,NA
Southwest,NA,NA,NA,Other/Unknown,Weapons/All Other,4,7,0,5,4,9,13,12,12,26,8.7,225,200,-7.7,38,NA,NA,NA,NA,NA
Southwest,NA,NA,NA,Other/Unknown,Weapons/Carry Concealed Weapon,32,21,27,37,44,25,54,78,83,123,41,22.7,88.6,53.7,102,NA,NA,NA,NA,NA
Southwest,NA,NA,NA,Other/Unknown,Weapons/Illegal Possession of Weapon,7,16,23,22,21,14,22,31,38,57,19,4.8,81,72.7,100,NA,NA,NA,NA,NA
Southwest,NA,NA,NA,Other/Unknown,Weapons/Shots Fired,32,74,78,104,69,67,170,124,147,306,102,146.4,113,-13.5,44,NA,NA,NA,NA,NA
Southwest,NA,NA,NA,Robbery,Robbery/From Business,11,28,26,17,20,12,13,13,16,45,15,-35,-20,23.1,7,NA,NA,NA,NA,NA
Southwest,NA,NA,NA,Robbery,Robbery/From Person,57,84,55,50,55,52,68,30,37,175,58.3,23.6,-32.7,-45.6,-37,NA,NA,NA,NA,NA
Southwest,NA,NA,NA,Sexual Assault,Sex Offense/Assault with an Object,0,2,2,1,0,0,0,0,0,0,0,NA,NA,NA,NA,NA,NA,NA,NA,NA
Southwest,NA,NA,NA,Sexual Assault,Sex Offense/Forcible Fondling,11,9,19,27,24,25,42,26,31,91,30.3,75,29.2,-26.2,2,NA,NA,NA,NA,NA
Southwest,NA,NA,NA,Sexual Assault,Sex Offense/Forcible Rape,15,20,25,23,45,27,40,36,40,112,37.3,-11.1,-11.1,0,7,NA,NA,NA,NA,NA
Southwest,NA,NA,NA,Sexual Assault,Sex Offense/Forcible Sodomy,2,2,8,3,4,5,3,8,8,12,4,-25,100,166.7,100,NA,NA,NA,NA,NA
Southwest,NA,NA,NA,Theft,Larceny/All Other,467,459,387,401,385,424,413,406,461,1222,407.3,7.3,19.7,11.6,13,NA,NA,NA,NA,NA
Southwest,NA,NA,NA,Theft,Larceny/Pocket-Picking,10,4,4,2,1,3,2,11,11,6,2,100,1000,450,450,NA,NA,NA,NA,NA
Southwest,NA,NA,NA,Theft,Larceny/Purse-Snatching,4,5,7,8,9,2,4,0,1,15,5,-55.6,-88.9,-75,-80,NA,NA,NA,NA,NA
Southwest,NA,NA,NA,Theft,Larceny/Shoplifting,159,178,166,177,198,174,141,128,142,513,171,-28.8,-28.3,0.7,-17,NA,NA,NA,NA,NA
Southwest,NA,NA,NA,Theft,Larceny/Theft from Building,108,94,93,62,79,70,36,82,85,185,61.7,-54.4,7.6,136.1,38,NA,NA,NA,NA,NA
Southwest,NA,NA,NA,Theft,Larceny/Theft from Coin-Operated Machine,1,1,1,3,2,1,1,8,8,4,1.3,-50,300,700,515,NA,NA,NA,NA,NA
Southwest,NA,NA,NA,Theft,Larceny/Theft from Motor Vehicle,467,519,568,469,425,485,496,564,620,1406,468.7,16.7,45.9,25,32,NA,NA,NA,NA,NA
Southwest,NA,NA,NA,Theft,Larceny/Theft of MV Parts-Accessories,80,55,60,62,52,93,152,111,123,297,99,192.3,136.5,-19.1,24,NA,NA,NA,NA,NA
UNK,NA,NA,NA,Aggravated Assault,Assault/Aggravated,0,0,1,0,0,0,0,1,1,0,0,NA,NA,NA,NA,NA,NA,NA,NA,NA
UNK,NA,NA,NA,Burglary,Burglary/Residential,0,0,0,0,0,0,1,0,0,1,0.3,NA,NA,-100,-100,NA,NA,NA,NA,NA
UNK,NA,NA,NA,Other/Unknown,All Other/All Other Offenses,0,1,2,1,3,0,2,0,1,5,1.7,-33.3,-66.7,-50,-41,NA,NA,NA,NA,NA
UNK,NA,NA,NA,Other/Unknown,All Other/Damage to Property (minor),0,0,3,1,2,1,1,0,1,4,1.3,-50,-50,0,-23,NA,NA,NA,NA,NA
UNK,NA,NA,NA,Other/Unknown,Assault/Intimidation-Communicating Threats,1,0,0,1,0,1,0,0,0,1,0.3,NA,NA,NA,-100,NA,NA,NA,NA,NA
UNK,NA,NA,NA,Other/Unknown,Assault/Simple,1,0,0,0,0,0,3,1,2,3,1,NA,NA,-33.3,100,NA,NA,NA,NA,NA
UNK,NA,NA,NA,Other/Unknown,Child Abuse/Simple,0,0,0,0,1,0,0,0,0,1,0.3,-100,-100,NA,-100,NA,NA,NA,NA,NA
UNK,NA,NA,NA,Other/Unknown,Damage to Property (Group A),0,0,1,1,0,2,0,0,0,2,0.7,NA,NA,NA,-100,NA,NA,NA,NA,NA
UNK,NA,NA,NA,Other/Unknown,Drug Equipment/Paraphernalia,3,1,2,0,1,2,1,2,2,4,1.3,0,100,100,54,NA,NA,NA,NA,NA
UNK,NA,NA,NA,Other/Unknown,Drug Violation/Felony,8,3,4,6,3,5,3,3,3,11,3.7,0,0,0,-19,NA,NA,NA,NA,NA
UNK,NA,NA,NA,Other/Unknown,Drug Violation/Misdemeanor,0,2,1,0,2,0,3,7,8,5,1.7,50,300,166.7,371,NA,NA,NA,NA,NA
UNK,NA,NA,NA,Other/Unknown,Embezzlement,0,0,0,0,0,0,0,1,1,0,0,NA,NA,NA,NA,NA,NA,NA,NA,NA
UNK,NA,NA,NA,Other/Unknown,Fraud/Credit Card-ATM Fraud,0,0,7,4,0,1,0,0,0,1,0.3,NA,NA,NA,-100,NA,NA,NA,NA,NA
UNK,NA,NA,NA,Other/Unknown,Fraud/False Pretense or Swindle,0,0,0,1,0,0,0,1,1,0,0,NA,NA,NA,NA,NA,NA,NA,NA,NA
UNK,NA,NA,NA,Other/Unknown,Fraud/ID Theft,0,1,7,2,5,2,0,0,0,7,2.3,-100,-100,NA,-100,NA,NA,NA,NA,NA
UNK,NA,NA,NA,Other/Unknown,Humane/Animal Bite,0,0,0,0,0,0,0,1,1,0,0,NA,NA,NA,NA,NA,NA,NA,NA,NA
UNK,NA,NA,NA,Other/Unknown,Humane/Chemical Deployment,0,0,0,0,1,0,0,0,0,1,0.3,-100,-100,NA,-100,NA,NA,NA,NA,NA
UNK,NA,NA,NA,Other/Unknown,Humane/Vicious Animal,0,0,0,0,1,0,0,0,0,1,0.3,-100,-100,NA,-100,NA,NA,NA,NA,NA
UNK,NA,NA,NA,Other/Unknown,MISC/ALL OTHER / NO OFFENSE COMMITTED,0,0,0,0,0,0,0,1,1,0,0,NA,NA,NA,NA,NA,NA,NA,NA,NA
UNK,NA,NA,NA,Other/Unknown,Miscellaneous/All Other Non-Offenses,1,0,2,0,0,1,4,3,4,5,1.7,NA,NA,0,135,NA,NA,NA,NA,NA
UNK,NA,NA,NA,Other/Unknown,Miscellaneous/Lost Property,0,0,7,3,1,2,0,0,0,3,1,-100,-100,NA,-100,NA,NA,NA,NA,NA
UNK,NA,NA,NA,Other/Unknown,Miscellaneous/Missing Person (17 & under),0,0,0,0,0,0,1,0,1,1,0.3,NA,NA,0,233,NA,NA,NA,NA,NA
UNK,NA,NA,NA,Other/Unknown,Sex Offense/Indecent Exposure,0,0,0,0,0,0,1,0,1,1,0.3,NA,NA,0,233,NA,NA,NA,NA,NA
UNK,NA,NA,NA,Other/Unknown,Traffic/DWI (Driving While Impaired),8,7,10,7,3,0,2,6,6,5,1.7,-33.3,100,200,253,NA,NA,NA,NA,NA
UNK,NA,NA,NA,Robbery,Robbery/From Person,0,0,0,0,0,0,0,1,1,0,0,NA,NA,NA,NA,NA,NA,NA,NA,NA
UNK,NA,NA,NA,Theft,Larceny/All Other,0,0,5,4,2,4,1,1,2,7,2.3,-50,0,100,-13,NA,NA,NA,NA,NA
UNK,NA,NA,NA,Theft,Larceny/Theft from Building,0,0,5,1,1,0,0,0,0,1,0.3,-100,-100,NA,-100,NA,NA,NA,NA,NA
UNK,NA,NA,NA,Theft,Larceny/Theft from Motor Vehicle,0,0,6,2,3,3,2,1,1,8,2.7,-33.3,-66.7,-50,-63,NA,NA,NA,NA,NA
UNK,NA,NA,NA,Theft,Larceny/Theft of MV Parts-Accessories,0,0,0,1,0,0,0,0,0,0,0,NA,NA,NA,NA,NA,NA,NA,NA,NA
